date,mom,rev,bench,combined_60_40,combined_50_50
2022-01-05,-0.005586191190524503,-0.011869452238588374,-0.0062980330048126865,-0.008099495609750052,-0.008727821714556439
2022-01-06,0.00022555123371525987,-0.001631585423637727,-0.001823151936479861,-0.000517303429225935,-0.0007030170949612335
2022-01-07,0.004343343053667681,0.0006819087646572353,0.003383082130805848,0.0028787693380635027,0.002512625909162458
2022-01-10,0.004628473882671402,-0.005567530541768173,-0.0036378585282743625,0.0005500721128955718,-0.0004695283295483854
2022-01-11,-0.0010300684942134986,0.0073209788583985524,0.0045426224081002164,0.002310350446831322,0.003145455182092527
2022-01-12,-0.0011932776903438302,0.003686823340114165,0.0009350205681453172,0.000758762721839368,0.0012467728248851673
2022-01-13,-0.009617311383706362,-0.006759506027556594,-0.003262071845550607,-0.008474189241246453,-0.008188408705631478
2022-01-14,0.00206109479403338,0.0022569028634500388,-0.0035624660255778595,0.0021394180218000432,0.0021589988287417095
2022-01-18,-0.010014271003414232,-0.013100859900152195,-0.012265675985242641,-0.011248906562109418,-0.011557565451783214
2022-01-19,0.0008211435221778807,-0.005032479088188047,-0.008940216397622214,-0.0015203055219684904,-0.002105667783005083
2022-01-20,-0.00984258927909809,-0.009049579972647437,-0.009691477254625158,-0.00952538555651783,-0.009446084625872764
2022-01-21,-0.004309104982651246,-0.0107745250265473,-0.013382181306887175,-0.006895273000209668,-0.007541815004599273
2022-01-24,-0.0032491562470504665,0.0005752047202296495,0.0011800629124969486,-0.00171941186013842,-0.0013369757634104085
2022-01-25,-0.006736789816733313,-0.001940399782015767,0.0014509783789256048,-0.0048182338028462945,-0.00433859479937454
2022-01-26,-0.008676390009472068,-5.132894040438263e-05,-0.00522446157228873,-0.005226365581844993,-0.004363859474938225
2022-01-27,-0.0037780132548195233,0.005024612694670028,-0.0007958919418292743,-0.0002569628750237027,0.0006232997199252521
2022-01-28,0.01898855576123304,0.011991052740657926,0.014702329536792957,0.016189554553002992,0.015489804250945483
2022-01-31,0.01587784528519509,0.00401496002074575,0.01113990042370916,0.011132691179415356,0.00994640265297042
2022-02-01,-0.0013743696502838132,0.007139644977577575,0.00836467825820697,0.002031236200860742,0.002882637663646881
2022-02-02,0.004817688244203255,0.003111733854560761,0.005510399132722998,0.004135306488346258,0.003964711049382008
2022-02-03,-0.018137413638725786,-0.012361225887720373,-0.014303380108649177,-0.01582693853832362,-0.01524931976322308
2022-02-04,-0.0006241896900597288,0.00220866035548295,-0.0009067959631670064,0.0005089503281573428,0.0007922353327116105
2022-02-07,-0.005820866303432148,0.0017585752720554737,0.00013656327917632716,-0.002789089673237099,-0.0020311455156883373
2022-02-08,0.0006541341815093915,0.006958549250505319,0.008491410631678686,0.0031759002091077625,0.0038063417160073554
2022-02-09,0.007732798638011351,0.007309965513195182,0.008478816001207923,0.0075636653880848835,0.007521382075603267
2022-02-10,-0.013684563435930497,-0.012456650129125224,-0.01241018952527706,-0.013193398113208387,-0.01307060678252786
2022-02-11,-0.013807162711813259,-0.014088848404598453,-0.012528752066606641,-0.013919836988927337,-0.013948005558205856
2022-02-14,-0.004292668486382101,-0.006908954526416489,-0.004207389762105329,-0.0053391829023958556,-0.005600811506399295
2022-02-15,0.014005354697682826,0.014319018039870901,0.012600943791689856,0.014130820034558057,0.014162186368776863
2022-02-16,-0.0030167540240133572,-0.001593824688496892,-0.0010149461719625164,-0.0024475822898067713,-0.0023052893562551247
2022-02-17,-0.013002683151428274,-0.011035668905958862,-0.013623834524153722,-0.012215877453240508,-0.012019176028693568
2022-02-18,-0.011761848866559399,-0.007133259067529707,-0.006165157693385326,-0.009910412946947523,-0.009447553967044553
2022-02-22,-0.0059925455535553285,-0.010456520477445719,-0.011559343325051263,-0.007778135523111485,-0.008224533015500524
2022-02-23,-0.010527655499244948,-0.011946516613115632,-0.012949079381404105,-0.011095199944793223,-0.01123708605618029
2022-02-24,0.0034231589414348562,0.004700731306761519,0.001267414546001877,0.0039341878875655215,0.004061945124098187
2022-02-25,0.033497045594608865,0.0233290662860981,0.025782108536509085,0.02942985387120456,0.028413055940353482
2022-02-28,-0.004391346520669748,-0.0010839253037557839,-0.004991658932132048,-0.003068378033904162,-0.002737635912212766
2022-03-01,-0.011043787881319322,-0.013139240543616038,-0.01734523255165521,-0.011881968946238008,-0.01209151421246768
2022-03-02,0.013218472243337054,0.020126726855443033,0.01838972905684222,0.015981774088179447,0.016672599549390044
2022-03-03,-0.007015105574543767,-0.007978829376779961,-0.0015264662468600365,-0.007400595095438245,-0.007496967475661864
2022-03-04,-0.008056252906151529,-0.012082465930981612,-0.005738786832316212,-0.009666738116083562,-0.01006935941856657
2022-03-07,-0.027504166357726012,-0.034484459582278415,-0.022462474104830044,-0.030296283647546975,-0.030994312970002214
2022-03-08,-0.009075726058496603,-0.007329498596118977,-0.0060089375293438385,-0.008377235073545552,-0.00820261232730779
2022-03-09,0.015588086058791806,0.028449056128176275,0.019157634073169838,0.020732474086545594,0.02201857109348404
2022-03-10,-0.007387449830064119,-0.004656739987863867,-0.004689584888413423,-0.006295165893184018,-0.006022094908963993
2022-03-11,-0.003919930383001646,-0.009213237179348188,-0.006285383856723725,-0.006037253101540263,-0.006566583781174917
2022-03-14,-0.003925591203677525,-0.0001175095549809102,-0.0013910969361674574,-0.0024023585441988794,-0.0020215503793292178
2022-03-15,0.015844557723031505,0.024131534561693035,0.01613026333337131,0.019159348458496116,0.01998804614236227
2022-03-16,0.020057733232693886,0.02359205867606029,0.015539641094865608,0.02147146341004045,0.021824895954377088
2022-03-17,0.010635776201670444,0.009949554301782237,0.012616273742013906,0.010361287441715161,0.01029266525172634
2022-03-18,0.009797308474095878,0.008210102530103347,0.006378766876133257,0.009162426096498866,0.009003705502099613
2022-03-21,-0.006517981530423378,-0.008088625750141243,-0.0034402064517892184,-0.007146239218310525,-0.00730330364028231
2022-03-22,0.009950420037374563,0.010340910241399826,0.00798945893406322,0.010106616118984668,0.010145665139387194
2022-03-23,-0.011408850811159499,-0.01435316755125271,-0.011215126897987315,-0.012586577507196783,-0.012881009181206104
2022-03-24,0.016181600930070816,0.012721629711375693,0.010742269409141691,0.014797612442592766,0.014451615320723254
2022-03-25,0.003119082694997388,0.0022174383866597758,0.006260326298904273,0.0027584249716623432,0.002668260540828582
2022-03-28,0.0024545706868317474,0.004521815498898407,0.001700747545455128,0.0032814686116584115,0.0034881930928650773
2022-03-29,0.011714128009794322,0.01546618974085745,0.009746631219374136,0.013214952702219573,0.013590158875325886
2022-03-30,-0.00640976666821047,-0.005772147026293362,-0.0014441188095780655,-0.006154718811443627,-0.006090956847251916
2022-03-31,-0.013059857398264763,-0.014429327355515609,-0.014742277398338999,-0.013607645381165101,-0.013744592376890186
2022-04-01,-0.0009914746775023797,0.004883871790365202,0.0040909694664268414,0.001358663909644653,0.001946198556431411
2022-04-04,0.006394767570603976,0.006029545665454883,0.0034578784395924433,0.006248678808544339,0.00621215661802943
2022-04-05,-0.011490163600522796,-0.011001716536520045,-0.008808784721696217,-0.011294784774921695,-0.01124594006852142
2022-04-06,-0.007377226997310582,-0.00528380036481102,-0.004690528277664363,-0.006539856344310757,-0.006330513681060801
2022-04-07,-0.0002818515519914522,0.0014603320759709604,0.002149226645526525,0.00041502189919351284,0.0005892402619897541
2022-04-08,-0.003632982702782561,-0.002057332585351568,0.0025678166085449927,-0.0030027226558101638,-0.0028451576440670645
2022-04-11,-0.008464628515557626,-0.008918421688535294,-0.010620203724886701,-0.008646145784748694,-0.00869152510204646
2022-04-12,-0.0013141461027436074,-0.00025218132424731365,-0.0017208436295003127,-0.0008893601913450899,-0.0007831637134954605
2022-04-13,0.006959265783062385,0.013248282528775635,0.009593410407765735,0.009474872481347686,0.01010377415591901
2022-04-14,-0.007269056090186465,-0.0012762222144049318,-0.002646204160955845,-0.004871922539873851,-0.004272639152295699
2022-04-18,-0.00030412218357167564,-0.0005198712223115631,-0.0015271923982085323,-0.00039042179906763065,-0.0004119967029416194
2022-04-19,0.01662977436080726,0.01729579039899365,0.015120781620867163,0.016896180776081814,0.016962782379900454
2022-04-20,0.0015975632058085054,0.006202218323997144,0.0065350035351869895,0.003439425253083961,0.0038998907649028247
2022-04-21,-0.009999916178321966,-0.0057745832199027625,-0.007581454486848549,-0.008309782994954284,-0.007887249699112364
2022-04-22,-0.01732005306058082,-0.02471158573504284,-0.02669577301972048,-0.020276666130365627,-0.02101581939781183
2022-04-25,0.010175471211150366,0.005696062002736646,0.005452468130611399,0.008383707527784877,0.007935766606943506
2022-04-26,-0.019478436483008288,-0.028205051944146797,-0.023822624399020498,-0.02296908266746369,-0.023841744213577543
2022-04-27,0.0006508122420241236,-0.002996011847351876,-0.0008889905046340907,-0.0008079173937262764,-0.0011725998026638762
2022-04-28,0.019273598023342053,0.014107377164517265,0.019150788441054445,0.017207109679812135,0.01669048759392966
2022-04-29,-0.03051590047046382,-0.02679419028180985,-0.027568584367270166,-0.02902721639500223,-0.028655045376136834
2022-05-02,0.009451676384840901,0.00242569383362512,0.0035509102582882424,0.006641283364354589,0.005938685109233011
2022-05-03,-0.0011196175788061868,0.0057101654662732315,0.0031596264967503895,0.0016122956392255806,0.0022952739437335223
2022-05-04,0.02521198652118173,0.029098050717065505,0.028693515201893893,0.02676641219953524,0.027155018619123616
2022-05-05,-0.034406642013242505,-0.02806609057414311,-0.02961745996802201,-0.03187042143760274,-0.031236366293692808
2022-05-06,-0.012201159161814967,-0.0028900442814587812,-0.0037390170240295673,-0.008476713209672491,-0.007545601721636874
2022-05-09,-0.019848787907548515,-0.009319912316015255,-0.018920673870144955,-0.015637237670935212,-0.014584350111781885
2022-05-10,0.004122484028466156,-0.001581586934979562,-0.002588012774344839,0.0018408556430878685,0.0012704485467432969
2022-05-11,-0.018434501418477134,-0.008970198020309517,-0.009678606136295342,-0.014648780059210087,-0.013702349719393325
2022-05-12,-0.005897206575985137,0.0028244597630262547,-0.0021943741903968084,-0.0024085400403805798,-0.001536373406479441
2022-05-13,0.02142006799526386,0.00742780115745445,0.015208492544798169,0.015823161260140096,0.014423934576359154
2022-05-16,-0.006424773027577824,0.004323898390687697,0.0006191514922939678,-0.002125304460271615,-0.0010504373184450633
2022-05-17,0.0175285784637369,0.00443491842939947,0.014386536790209403,0.012291114450001927,0.010981748446568185
2022-05-18,-0.0317088688851912,-0.028512135759602875,-0.03496709268906917,-0.03043017563495587,-0.030110502322397037
2022-05-19,-0.008646585719694788,-0.010970847370132653,-0.013115343278434888,-0.009576290379869934,-0.00980871654491372
2022-05-20,-0.00026573698808163293,0.003183769254598401,3.5434901966224785e-05,0.0011140655089903807,0.001459016133258384
2022-05-23,0.014079672627787865,0.01969536886776546,0.019660965563844002,0.016325951123778902,0.016887520747776663
2022-05-24,-0.010859499616489021,0.006704439895574232,0.0007497642351148581,-0.0038339238116637197,-0.0020775298604573944
2022-05-25,0.011038511221246772,0.0006210854672303867,0.006135306738367152,0.006871540919640218,0.005829798344238579
2022-05-26,0.018538361673422488,0.009228521292630631,0.016136703515533535,0.014814425521105744,0.01388344148302656
2022-05-27,0.019223266685694407,0.019439587401744562,0.018643145881793277,0.01930979497211447,0.019331427043719485
2022-05-31,-0.0010968119741034954,-0.004292265776892901,-0.005457580925853356,-0.0023749934952192577,-0.002694538875498198
2022-06-01,0.0050880309641561094,-0.0006312480986745417,-0.0038090326091863025,0.002800319339023849,0.002228391432740784
2022-06-02,0.020451551133822576,0.02003073029726976,0.014428779985141471,0.02028322279920145,0.02024114071554617
2022-06-03,-0.014773601619448185,-0.015016705764862248,-0.011190607798067798,-0.014870843277613809,-0.014895153692155216
2022-06-06,-0.0030792279687000823,-0.0014509396091987314,0.00010849995240613808,-0.002427912624899542,-0.002265083788949407
2022-06-07,0.007663063500485734,0.008496262132073662,0.0076288163849647095,0.007996342953120905,0.008079662816279698
2022-06-08,-0.00808778790828868,-0.008456032502196176,-0.008852432025015733,-0.008235085745851679,-0.008271910205242428
2022-06-09,-0.018732255622793126,-0.022528565365158792,-0.02051394640562998,-0.020250779519739394,-0.02063041049397596
2022-06-10,-0.0299564824725439,-0.026614576722606365,-0.026553205496910426,-0.028619720172568888,-0.028285529597575132
2022-06-13,-0.03192206839624412,-0.029491661589302165,-0.028462829178319438,-0.030949905673467337,-0.030706864992773142
2022-06-14,-0.003263369427413454,-0.0013527481390979146,-0.004000048373523635,-0.0024991209120872383,-0.0023080587832556843
2022-06-15,0.013393602654451886,0.01016476229167762,0.010276755937375759,0.01210206650934218,0.011779182473064753
2022-06-16,-0.030346890913061086,-0.02241699414327114,-0.023049928691851074,-0.027174932205145108,-0.026381942528166114
2022-06-17,0.007708539707856676,0.0011797956839196821,-0.00040849553346578027,0.005097042098281879,0.004444167695888179
2022-06-21,0.008255933942977522,0.014632056817563743,0.01921776636782324,0.01080638309281201,0.011443995380270633
2022-06-22,-0.004412577572448395,-0.00488252601556638,-0.004573770236169339,-0.004600556949695589,-0.004647551794007387
2022-06-23,0.008135495969499917,-0.0030691698935506606,0.004508214046421433,0.0036536296242796855,0.0025331630379746284
2022-06-24,0.03203269877948345,0.026932365698134175,0.02791822288654333,0.02999256554694374,0.029482532238808812
2022-06-27,-0.010351662870528577,-0.004978595529808061,-0.0037974194252229365,-0.00820243593424037,-0.007665129200168319
2022-06-28,-0.01791275942905768,-0.01593239181582473,-0.016052070661935258,-0.0171206123837645,-0.016922575622441205
2022-06-29,-0.0004041236070299048,7.454574107268463e-05,-8.228158557688214e-05,-0.000212655867788869,-0.00016478893297861008
2022-06-30,-0.010551265902873586,-0.006244311817512838,-0.007024111766902319,-0.008828484268729286,-0.008397788860193212
2022-07-01,0.007456375224834666,0.011407959418290536,0.00913023509061306,0.009037008902217016,0.009432167321562601
2022-07-05,0.0037770528862621777,-0.00232447745682951,-0.002810403289507768,0.0013364407490255026,0.0007262877147163338
2022-07-06,-0.0005680065196775885,0.002664988359239784,0.0019848628594163475,0.0007251914318893606,0.0010484909197810977
2022-07-07,0.015916295841267525,0.01113313206783162,0.01283005282753491,0.014003030331893162,0.013524713954549572
2022-07-08,0.00010375556069863734,-0.002116585350313116,-0.0026122989600092517,-0.000784380803706064,-0.0010064148948072393
2022-07-11,-0.00844839877569814,-0.0052916979048929225,-0.005860372117029389,-0.007185718427376054,-0.0068700483402955315
2022-07-12,-0.008579208658195947,-0.0009877346038770218,-0.004949371832023042,-0.005542619036468377,-0.004783471631036484
2022-07-13,-0.0012446400856236384,-0.002973496049410662,-0.005446598164283611,-0.001936182471138448,-0.0021090680675171503
2022-07-14,-0.005753319267922774,0.0024098369990910307,-0.004951724763838983,-0.002488056761117252,-0.0016717411344158717
2022-07-15,0.017498747846992124,0.01268120796085448,0.018518879431502322,0.015571731892537067,0.015089977903923302
2022-07-18,-0.005373959988944965,-0.009366031231185734,-0.00636276837585692,-0.006970788485841273,-0.00736999561006535
2022-07-19,0.025341092386506947,0.01710170165269531,0.024024964435655383,0.022045336092982294,0.02122139701960113
2022-07-20,0.006906988292420868,-0.0006945002405940315,0.002456398300216822,0.003866392879214908,0.0031062440259134183
2022-07-21,0.0056217076202309535,0.0023772711056866402,0.003358720548966243,0.004323933014413228,0.003999489362958797
2022-07-22,-0.005867072558132791,-0.008957629202896111,-0.00678282359464677,-0.007103295216038119,-0.007412350880514451
2022-07-25,0.0032527903046473128,0.0012125613794882195,0.0029013982987853293,0.0024366987345836753,0.002232675842067766
2022-07-26,-0.01452063611590626,-0.012999897178361808,-0.007455854293165198,-0.013912340540888479,-0.013760266647134034
2022-07-27,0.018024538100616994,0.010047023597732796,0.014360192067142785,0.014833532299463315,0.014035780849174895
2022-07-28,0.009395834113990587,0.007358831004112165,0.009629489396876911,0.008581032870039218,0.008377332559051376
2022-07-29,0.020550812375206062,0.016264562271350647,0.007943136419647834,0.018836312333663896,0.018407687323278354
2022-08-01,-0.006620830247418108,-0.0012944905032606924,-0.00010169326912179422,-0.004490294349755142,-0.0039576603753394
2022-08-02,-0.011278848633066052,-0.015332700162900337,-0.01325196925668759,-0.012900389244999765,-0.013305774397983194
2022-08-03,0.012575795889180785,0.013586010015934624,0.012067183749577381,0.012979881539882322,0.013080902952557705
2022-08-04,-0.00015398705944691393,-0.0007603884518850856,-0.003697592053769294,-0.00039654761642218264,-0.0004571877556659998
2022-08-05,0.005688293370792463,0.0033417737090382094,0.002277389285325171,0.004749685506090761,0.004515033539915336
2022-08-08,-0.004167386577501597,-0.0013742988414682245,0.0012193235574331496,-0.0030501514830882483,-0.002770842709484911
2022-08-09,-0.0008358605724669843,-0.0042805187137952005,-0.0017062026328961144,-0.002213723828998271,-0.0025581896431310924
2022-08-10,0.015444507432764265,0.014100315772797023,0.01696594756324199,0.014906830768777368,0.014772411602780644
2022-08-11,0.0039046357260523745,0.004633950719955315,0.0034806383492056447,0.004196361723613551,0.004269293223003845
2022-08-12,0.010368501259015117,0.014334672451479902,0.012967176909605804,0.01195496973600103,0.01235158685524751
2022-08-15,0.0020118245293554438,0.00602636013470792,0.004146481389419199,0.0036176387714964343,0.004019092332031682
2022-08-16,0.0022472898895147253,0.004489292957007507,0.0070565248117056,0.0031440911165118383,0.003368291423261116
2022-08-17,-0.002465611325619399,-0.0018964442317641605,-0.004981447102663017,-0.002237944488077304,-0.0021810277786917798
2022-08-18,0.00036596185279424986,0.0017216720888226789,0.0028630971966936425,0.0009082459472056216,0.0010438169708084644
2022-08-19,-0.012450431481556112,-0.007877233396015537,-0.00939905804385388,-0.010621152247339881,-0.010163832438785825
2022-08-22,-0.01639828448814462,-0.018375179719049894,-0.01959440447394345,-0.01718904258050673,-0.017386732103597258
2022-08-23,0.0009631980832998099,-0.0046206943097363284,-0.002758504780434934,-0.0012703588739146456,-0.0018287481132182593
2022-08-24,-0.004193323260900161,-0.0027743632434186205,0.0011558979758243826,-0.0036257392539075454,-0.003483843252159391
2022-08-25,0.016040567858525145,0.011276133634889218,0.010619050388609663,0.014134794169070774,0.013658350746707182
2022-08-26,-0.03025243082798501,-0.03203695675761875,-0.03047222918297421,-0.030966241199838505,-0.03114469379280188
2022-08-29,-0.0057286382455185025,-0.0047996095429937435,-0.006485489053418725,-0.005357026764508599,-0.005264123894256123
2022-08-30,-0.018269849051726017,-0.012417281131010593,-0.010166221937246478,-0.01592882188343985,-0.015343565091368305
2022-08-31,-0.010582962417940989,-0.009185034642641976,-0.009007685382277142,-0.010023791307821384,-0.009883998530291482
2022-09-01,-0.000646406364420371,0.003502381595725801,0.003312586406401863,0.0010131088196380978,0.001427987615652715
2022-09-02,-0.0069236115099032824,-0.01376208165606252,-0.011074123680981929,-0.009658999568366976,-0.0103428465829829
2022-09-06,-0.005101798403878033,-0.006612699517271614,-0.006775591342660814,-0.005706158849235465,-0.0058572489605748235
2022-09-07,0.008866487121508726,0.015133972960295727,0.013967588065784797,0.011373481457023528,0.012000230040902227
2022-09-08,0.0052201750017242254,0.0024177463721686276,0.005568363280793909,0.004099203549901986,0.0038189606869464265
2022-09-09,0.01891159644319229,0.014772730254606126,0.014308137960890921,0.017256049967757824,0.01684216334889921
2022-09-12,0.012477399827209412,0.007410354395992913,0.00839617140518878,0.010450581654722811,0.009943877111601163
2022-09-13,-0.04701524105941479,-0.034599901176065595,-0.039648126086929136,-0.04204910510607511,-0.04080757111774019
2022-09-14,0.002639691071568917,0.0020050495522352385,0.0015036212886370137,0.0023858344638354456,0.0023223703119020778
2022-09-15,-0.014949021962533893,-0.013689732603287541,-0.008139457405314854,-0.014445306218835352,-0.014319377282910717
2022-09-16,-0.008184638200604555,-0.0012939265570139913,-0.0042098126943035385,-0.005428353543168329,-0.004739282378809273
2022-09-19,0.011329144518825052,0.003926940959086966,0.006260627269208063,0.008368263094929818,0.007628042738956009
2022-09-20,-0.009248895973464455,-0.007138024281462485,-0.010982976478321582,-0.008404547296663668,-0.00819346012746347
2022-09-21,-0.0215266911032177,-0.014664318408832866,-0.0177591445615356,-0.018781742025463767,-0.018095504756025282
2022-09-22,-0.007396457781407739,-0.00036704579283763916,-0.004009983273381534,-0.004584692985979699,-0.003881751787122689
2022-09-23,-0.0230897459572319,-0.010773785864655716,-0.017230621620157427,-0.018163361920201425,-0.016931765910943808
2022-09-26,-0.01381656241108542,-0.008657674323538589,-0.011109236490907004,-0.011753007176066687,-0.011237118367312005
2022-09-27,-0.0030369988921651325,-0.005191554574535573,-0.004267515202862504,-0.0038988211651133087,-0.004114276733350353
2022-09-28,0.022220213967183655,0.01486006337147594,0.01837772521923453,0.01927615372890057,0.018540138669329798
2022-09-29,-0.016479952717175395,-0.011942351543298702,-0.016705731020170478,-0.014664912247624716,-0.014211152130237048
2022-09-30,-0.01406247419322848,-0.014586548021698453,-0.01983393110306131,-0.01427210372461647,-0.014324511107463467
2022-10-03,0.036038220921512654,0.023490790593534205,0.027937275812613738,0.031019248790321273,0.02976450575752343
2022-10-04,0.031003689312152583,0.0227357939040036,0.028328889848235672,0.027696531148892988,0.02686974160807809
2022-10-05,0.00040479557730810356,-0.0028816789707081236,-0.001954474379414428,-0.0009097942418983873,-0.00123844169670001
2022-10-06,-0.003738021468739916,-0.012527321762058508,-0.012160178981534209,-0.007253741586067353,-0.008132671615399212
2022-10-07,-0.017652607604311643,-0.019295249553597515,-0.021877736727516695,-0.01830966438402599,-0.01847392857895458
2022-10-10,-0.0010741478711538965,-0.000614121918924182,-0.0029166031997258646,-0.0008901374902620107,-0.0008441348950390393
2022-10-11,-0.004810794593331447,-0.00215732190939244,-0.0008237342295456251,-0.003749405519755844,-0.0034840582513619434
2022-10-12,-0.0030316194512353123,-0.000725016967926928,-0.0005340869991045105,-0.0021089784579119584,-0.0018783182095811202
2022-10-13,0.03643276735072409,0.024909354890103597,0.029547556444601053,0.03182340236647589,0.030671061120413845
2022-10-14,-0.02423053124040353,-0.013099861956105463,-0.01400555448335572,-0.019778263526684305,-0.018665196598254497
2022-10-17,0.015380408562811754,0.021246395709752397,0.019230797303270597,0.017726803421588014,0.018313402136282075
2022-10-18,0.014453602882327221,0.013936848805062185,0.011253147698620403,0.014246901251421206,0.014195225843694703
2022-10-19,-0.003266650836605045,-0.004751064399662996,-0.003275637457696212,-0.003860416261828226,-0.004008857618134021
2022-10-20,-0.00578254603797812,-0.0017750719792128944,-0.0022356594484328474,-0.00417955641447203,-0.0037788090085955073
2022-10-21,0.020407426421593655,0.02294791782476535,0.023187591496717452,0.021423622982862336,0.021677672123179503
2022-10-24,0.009513310836446243,0.011259587410738847,0.012353848720212834,0.010211821466163284,0.010386449123592545
2022-10-25,0.015710237928695747,0.015219496304972102,0.013018173437680414,0.01551394127920629,0.015464867116833925
2022-10-26,-0.007309096666798798,-0.006319227213881118,0.0002467685984630652,-0.006913148885631726,-0.006814161940339958
2022-10-27,0.003403841039901989,-0.00017554084871795883,0.003704226324796167,0.0019720882844540097,0.0016141500955920152
2022-10-28,0.0224479753175586,0.03396129240836521,0.02833666297388504,0.027053302153881242,0.028204633862961903
2022-10-31,-0.009340383948531428,-0.007531449741990381,-0.005724617986570091,-0.008616810265915008,-0.008435916845260905
2022-11-01,-0.002892697937118216,-0.0009557633670053134,-0.0018388223861809383,-0.002117924109073055,-0.0019242306520617647
2022-11-02,-0.016557088497672012,-0.017194735507989667,-0.01630363754298647,-0.016812147301799075,-0.01687591200283084
2022-11-03,-0.007747651451280868,-0.006983876769438346,-0.0055023939392007115,-0.00744214157854386,-0.007365764110359607
2022-11-04,0.020893990617710356,0.015312414013360032,0.0156599335335057,0.018661359975970227,0.018103202315535194
2022-11-07,0.008673695514181068,0.009022181391560968,0.01053874214980799,0.008813089865133027,0.008847938452871018
2022-11-08,0.004347728691270536,0.009330921151743388,0.008689330528251604,0.006341005675459676,0.006839324921506962
2022-11-09,-0.02139058703239638,-0.016827537307950835,-0.021290380959302024,-0.01956536714261816,-0.019109062170173607
2022-11-10,0.04064712513452151,0.03632846127212841,0.04139584944827024,0.03891965958956427,0.03848779320332496
2022-11-11,0.01721283759676151,0.0011443864414735216,0.006331232605939485,0.010785457134646315,0.009178612019117516
2022-11-14,-0.007696817097900377,-0.0033432485592720385,-0.005090773169752705,-0.005955389682449042,-0.005520032828586208
2022-11-15,0.00026656473066100084,0.0055827274190574094,0.003664478195947618,0.0023930298060195645,0.002924646074859205
2022-11-16,-0.007035176941754373,-0.0007490145262281089,-0.004631940480890995,-0.004520711975543867,-0.003892095733991241
2022-11-17,-0.0012118279350178396,-0.001323653067986652,0.001690433872206576,-0.0012565579882053645,-0.0012677405015022458
2022-11-18,0.0020511786970107693,0.0018766416663931196,0.005694044838130186,0.0019813638847637092,0.0019639101817019444
2022-11-21,-0.000397540449383893,-0.0035012174791648754,0.00018097700805230765,-0.001639011261296286,-0.0019493789642743842
2022-11-22,0.013197569268270204,0.012568043962806419,0.01255778731813928,0.01294575914608469,0.012882806615538311
2022-11-23,0.0007120912057900775,0.0023766250107688514,0.0028406675633079193,0.001377904727781587,0.0015443581082794644
2022-11-25,-0.0027608018968526826,0.0015163723014450792,0.002366396356984657,-0.001049932217533578,-0.0006222147977038017
2022-11-28,-0.015552514586071431,-0.017423420176531423,-0.014651842261387382,-0.01630087682225543,-0.016487967381301427
2022-11-29,0.004891165527507457,0.004190633192324933,0.0020141613037376604,0.004610952593434447,0.004540899359916195
2022-11-30,0.020047412618932725,0.025634120209687028,0.022582271477890936,0.022282095655234445,0.022840766414309877
2022-12-01,-0.00035693493817778865,-0.007433183338761196,-0.004677805588438555,-0.003187434298411152,-0.003895059138469492
2022-12-02,0.0006814288934531287,-0.0019324433170028188,0.0014589164797147447,-0.00036411999072925036,-0.000625507211774845
2022-12-05,-0.010081792357506392,-0.01814566065635259,-0.015036165806468604,-0.013307339677044873,-0.014113726506929491
2022-12-06,-0.011402931751714696,-0.010690406041526268,-0.011183544887301888,-0.011117921467639324,-0.011046668896620482
2022-12-07,-0.0017054099069725437,-0.0007181828897849796,-0.0007751648655046628,-0.001310519100097518,-0.0012117963983787616
2022-12-08,0.004043824307423005,0.003728692200090311,0.005594637883154396,0.003917771464489928,0.003886258253756658
2022-12-09,-0.00867376387873875,-0.006395610862792278,-0.0077811951889581454,-0.007762502672360162,-0.007534687370765514
2022-12-12,0.015090032930749286,0.014079178467061748,0.01591078987228034,0.014685691145274272,0.014584605698905517
2022-12-13,0.0075084092557879956,0.001631482792771255,0.004212326864477367,0.0051576386705813,0.004569946024279625
2022-12-14,-0.005565923619117119,-0.005514512992354947,-0.004652663521555245,-0.00554535936841225,-0.005540218305736033
2022-12-15,-0.01970686549114653,-0.021168466116143203,-0.02312751277113212,-0.0202915057411452,-0.020437665803644867
2022-12-16,-0.006779987610308846,-0.005406456828463413,-0.008646313740192535,-0.0062305752975706724,-0.00609322221938613
2022-12-19,-0.008202495845857305,-0.007458461125026239,-0.005596714150849391,-0.007904881957524878,-0.007830478485441772
2022-12-20,-0.0016491462860974693,0.004388246898046733,0.0031572421905747827,0.0007658109875602116,0.0013695503059746317
2022-12-21,0.010569371702151553,0.021575322413142084,0.017823935441363625,0.014971751986547766,0.01607234705764682
2022-12-22,-0.011022505158193696,-0.0087122785738446,-0.010210083915391466,-0.010098414524454058,-0.009867391866019148
2022-12-23,0.0038151658356628815,0.004711075433962764,0.0053094409467311365,0.004173529674982834,0.0042631206348128226
2022-12-27,-0.001775379681495326,0.0017650977147720681,0.0019326916094848379,-0.00035918872298836826,-5.140983361628937e-06
2022-12-28,-0.012783758391501476,-0.010243299332778455,-0.012592852953354106,-0.011767574768012268,-0.011513528862139966
2022-12-29,0.013580860125647298,0.009880711672413112,0.012453892449271864,0.012100800744353624,0.011730785899030205
2022-12-30,-0.0006442486269382375,-0.0021541319870511666,-0.0014010132857622537,-0.0012482019709834091,-0.001399190306994702
2023-01-03,-0.0017790538254229826,0.0016236300782623836,0.002843238859395081,-0.0004179802639488362,-7.771187358029952e-05
2023-01-04,0.012965949532345089,0.009031081686324605,0.009532672471087578,0.011392002393936895,0.010998515609334847
2023-01-05,-0.005337097103338628,-0.009852675946148248,-0.006883804428610807,-0.007143328640462476,-0.007594886524743438
2023-01-06,0.0234172303555904,0.022357696798043003,0.02386789033598946,0.022993416932571443,0.022887463576816702
2023-01-09,0.0020313448124775757,-0.002884803728241958,-0.002559598263697338,6.488539618976219e-05,-0.0004267294578821912
2023-01-10,0.0075852036606076645,0.003575887353639562,0.006099327398133791,0.005981477137820423,0.005580545507123613
2023-01-11,0.01109997420333686,0.004346724879887187,0.006342409366608681,0.00839867447395699,0.0077233495416120235
2023-01-12,0.003092728037719761,0.005881368821435862,0.006746060846038571,0.0042081843512062015,0.004487048429577811
2023-01-13,0.0019473952756496882,0.0037875028123424137,0.003459381279612206,0.002683438290326778,0.002867449043996051
2023-01-17,-0.008698183760680211,-0.00772238766361566,-0.010371978455532949,-0.008307865321854391,-0.008210285712147936
2023-01-18,-0.013123647535330685,-0.02021733269359638,-0.019258850360963198,-0.01596112159863696,-0.016670490114463532
2023-01-19,-0.011381219794442288,-0.0047701367502493985,-0.007554768682809576,-0.008736786576765132,-0.008075678272345843
2023-01-20,0.013353552671047764,0.009130835334095977,0.011936063794865781,0.011664465736267048,0.01124219400257187
2023-01-23,0.010392106376801102,0.0050956977333054265,0.009072627403506672,0.008273542919402832,0.0077439020550532645
2023-01-24,0.002167894378244828,0.005687197196918792,0.0018809558663872572,0.003575615505714414,0.00392754578758181
2023-01-25,-0.001945576392843873,-0.0001384295304702743,-7.317060071798664e-05,-0.0012227176478944335,-0.0010420029616570736
2023-01-26,0.0016577046439860688,0.0036544792841350926,0.005770202128487556,0.002456414500045678,0.0026560919640605807
2023-01-27,0.009030972638708779,0.0025504453745379685,0.0006575514871633992,0.006438761733040454,0.0057907090066233735
2023-01-30,-0.007144965899736899,-0.008999279386599834,-0.007897208642693498,-0.007886691294482074,-0.008072122643168367
2023-01-31,0.011495137794702792,0.00968782161809778,0.010403077173580133,0.010772211324060787,0.010591479706400286
2023-02-01,0.003403047019758354,-0.00200462932836154,0.002115110025430411,0.001239976480510396,0.0006992088456984069
2023-02-02,0.01364759693314066,-0.0037130707503693072,0.0023414030755926074,0.006703329859736673,0.004967263091385676
2023-02-03,0.001984543081482437,-0.004969236041490133,-0.0036914336978672857,-0.0007969685677065908,-0.0014923464800038477
2023-02-06,-0.011742277445947913,-0.0017577792852222496,-0.003532991021236165,-0.007748478181657648,-0.006750028365585081
2023-02-07,0.004879919065796212,0.006778636256272952,0.007438249363245442,0.005639405941986908,0.005829277661034582
2023-02-08,-0.01139616005819677,-0.005349799665838484,-0.007903847172059164,-0.008977615901253455,-0.008372979862017627
2023-02-09,-0.00642350889361476,-0.00851837926905219,-0.00735956420940187,-0.007261457043789732,-0.007470944081333475
2023-02-10,0.0045418289659067135,0.008279447490933345,0.004402351086256084,0.006036876375917366,0.006410638228420029
2023-02-13,0.01185005347673318,0.006848700050519518,0.0117937076064496,0.009849512106247715,0.00934937676362635
2023-02-14,-0.0038156989097077876,-0.0022701662142546875,-0.003850569546802074,-0.003197485831526547,-0.0030429325619812375
2023-02-15,0.0014111904499973793,-0.0007475857146934661,0.002325647337227732,0.0005476799841210411,0.0003318023676519566
2023-02-16,-0.01616207676211856,-0.014392827880672532,-0.011846585292776157,-0.015454377209540147,-0.015277452321395546
2023-02-17,0.011467708985843483,0.004618096509464431,0.003031352207913951,0.008727863995291862,0.008042902747653957
2023-02-21,-0.020966600670995206,-0.02069521986477052,-0.02066159333187667,-0.020858048348505333,-0.020830910267882863
2023-02-22,-0.004373140036414869,-0.002105086712104298,-0.0028904429858566116,-0.00346591870669064,-0.0032391133742595835
2023-02-23,0.0024850867325860726,0.003104166917913709,0.002184816953410884,0.0027327188067171274,0.0027946268252498907
2023-02-24,-0.006474053573032323,-0.012371938981882491,-0.008905057348836065,-0.00883320773657239,-0.009422996277457407
2023-02-27,-0.0013495279304409635,0.0019471405340254488,0.001948828610042419,-3.086054465439858e-05,0.00029880630179224266
2023-02-28,-0.006034706684050262,-0.002853880766381822,-0.005100236785418155,-0.004762376316982886,-0.004444293725216042
2023-03-01,0.0004621563040023702,0.008465048193667668,0.0012114110187912974,0.003663313059868489,0.004463602248835019
2023-03-02,0.00615358845483982,0.01212627116942877,0.010666330337417929,0.0085426615406754,0.009139929812134295
2023-03-03,0.006150774812414994,0.011979969066029161,0.010739412174034957,0.00848245251386066,0.009065371939222078
2023-03-06,0.0012259589005831906,0.0035298288803580213,0.0007341448365567604,0.0021475068924931232,0.002377893890470606
2023-03-07,-0.01689255474685669,-0.012941864614740783,-0.015604296077947777,-0.015312278694010327,-0.014917209680798738
2023-03-08,-0.0022402790124740335,-0.003152971976428498,-0.0012512512395320696,-0.0026053561980558192,-0.0026966254944512658
2023-03-09,-0.012619695413544685,-0.015125930574132362,-0.015635656892067917,-0.013622189477779757,-0.013872812993838524
2023-03-10,-0.002763676074066468,-0.009610040535264375,-0.007441573875029306,-0.00550222185854563,-0.006186858304665421
2023-03-13,-0.0025125169765763955,-0.002624627287006853,-0.004021921659923655,-0.0025573611007485785,-0.0025685721317916244
2023-03-14,0.005875650206468297,0.014760082333663993,0.011664502271543142,0.009429423057346575,0.010317866270066145
2023-03-15,0.0026991691409485874,-0.006066733536907232,-0.008195200772724842,-0.0008071919301937407,-0.0016837821979793222
2023-03-16,0.003652445260174275,0.009991121167557848,0.012516528653157444,0.006187915623127704,0.006821783213866062
2023-03-17,-0.008604069788390012,-0.010797222701181775,-0.011679364207862086,-0.009481330953506718,-0.009700646244785893
2023-03-20,0.015196014567130822,0.014828842994125901,0.012008800765660022,0.015049145937928853,0.015012428780628362
2023-03-21,0.005061833434654828,0.006860888810160004,0.008893896156250802,0.005781455584856899,0.005961361122407416
2023-03-22,-0.01839706404530439,-0.01933609496908728,-0.016741239503873184,-0.018772676414817547,-0.018866579507195835
2023-03-23,0.00647864859089764,-5.1616541932419935e-05,0.0033020041758722307,0.003866542537765616,0.00321351602448261
2023-03-24,0.00801808707139351,0.006000220865597594,0.004368858574194334,0.007210940589075144,0.007009153968495552
2023-03-27,-0.00032714715705406405,0.008488305308750999,0.00619707409380954,0.003199033829267961,0.004080579075848467
2023-03-28,0.0014858053041590935,-0.0012909865143782007,-0.00025910898623104917,0.00037508857674417573,9.740939489044642e-05
2023-03-29,0.008921537430164772,0.008381325828089148,0.013367682600444297,0.008705452789334522,0.00865143162912696
2023-03-30,0.0056458544355986184,0.002155818201207804,0.0043270721409609525,0.004249839941842293,0.0039008363184032113
2023-03-31,0.015173367996567988,0.011417518365711254,0.012816399212241425,0.013671028144225293,0.013295443181139621
2023-04-03,0.008943609459665991,0.0065618334376662535,0.007423392701980003,0.007990899050866095,0.007752721448666122
2023-04-04,-0.0005399467537825497,-0.002963326285808199,-0.005134543410534986,-0.0015092985665928094,-0.0017516365197953743
2023-04-05,0.005465586980937243,0.0037344543170600986,0.0024313834668612255,0.004773133915386385,0.004600020648998671
2023-04-06,0.001743452529656464,0.0012474533971267299,-0.0010548623837962623,0.0015450528766445702,0.001495452963391597
2023-04-10,0.004204432542583181,0.0013024960521867968,0.0029291089676426463,0.003043657946424627,0.0027534642973849888
2023-04-11,0.0037461010919219717,0.0009095065555613235,0.0018391295623627624,0.0026114632773777124,0.0023278038237416476
2023-04-12,0.0007184062848781814,-0.00010965052402001074,-0.0018362634648365628,0.00038718356131890453,0.0003043778804290853
2023-04-13,0.009160432725110246,0.012989489634905205,0.011184279544711462,0.01069205548902823,0.011074961180007725
2023-04-14,-0.004355498600512098,-0.007659120055814372,-0.0023259527508848743,-0.005676947182633008,-0.006007309328163235
2023-04-17,0.007909290395059054,0.005119378361677418,0.0037302036430153507,0.006793325581706399,0.006514334378368236
2023-04-18,0.002585054571335954,0.00027368088069379404,-0.0005008245464279693,0.00166050509507909,0.001429367726014874
2023-04-19,0.003715002003457313,-0.0032395219578460477,-0.002521792338342377,0.0009331924189359684,0.00023774002280563256
2023-04-20,-0.012282583494636179,-0.0079973898236545,-0.005757430351978399,-0.010568506026243506,-0.01013998665914534
2023-04-21,0.002842395006988685,0.0028773526215941647,0.0010257835123048675,0.0028563780528308765,0.002859873814291425
2023-04-24,-0.005845441480962776,-0.0022505962781960154,0.0010361779232959112,-0.004407503399856072,-0.004048018879579396
2023-04-25,-0.017568494948839053,-0.014221666869385197,-0.01124201638435618,-0.016229763717057512,-0.015895080909112125
2023-04-26,0.006456998387206925,-0.0036765995296793585,-0.006969945065081529,0.002403559220452411,0.001390199428763783
2023-04-27,0.013669493092834495,0.022861748779505753,0.01651427287629592,0.017346395367502997,0.018265620936170124
2023-04-28,0.013493954048972912,0.005684565383168527,0.009324645629065431,0.010370198582651157,0.00958925971607072
2023-05-01,-0.0032827095545773233,-0.0002801063038991858,-0.001620412075118649,-0.0020816682543060685,-0.0017814079292382545
2023-05-02,-0.01582259779507289,-0.008672631524623053,-0.011685735697859911,-0.012962611286892956,-0.012247614659847972
2023-05-03,-0.005575721859249483,-0.0083335066629453,-0.005990128879008738,-0.00667883578072781,-0.0069546142610973916
2023-05-04,-0.007809887774601232,-0.005774452786026618,-0.0076567433419535424,-0.006995713779171386,-0.006792170280313925
2023-05-05,0.01990281977175723,0.014838744032454665,0.015723877202137304,0.017877189476036205,0.017370781902105947
2023-05-08,-0.00023561676415084776,-0.001988580398174511,-0.0008606069950533035,-0.0009368022177603131,-0.0011120985811626793
2023-05-09,0.0014875054350429462,-0.0011405783253365387,-0.002943927696830162,0.00043627193089115215,0.00017346355485320375
2023-05-10,0.0008845457929196332,-0.001082210954520435,-0.001259628800285184,9.78430939436059e-05,-9.883258080040092e-05
2023-05-11,-0.005728267473411375,-0.005942003248763816,-0.008440966389177684,-0.005813761783552352,-0.0058351353610875956
2023-05-12,-0.0012634474554794606,-0.002064693122516892,-0.00046964988401199115,-0.001583945722294433,-0.0016640702889981762
2023-05-15,0.006489344532065067,0.0024575095108492206,0.0021456624808275926,0.004876610523578728,0.004473427021457144
2023-05-16,-0.005992936568715801,-0.00997102141873385,-0.011238056479269343,-0.00758417050872302,-0.007981978993724825
2023-05-17,0.015199222597505946,0.01640375511530401,0.01110448867277447,0.015681035604625172,0.015801488856404977
2023-05-18,0.010995971624331302,0.006977637455016783,0.005627094600518134,0.009388637956605494,0.008986804539674043
2023-05-19,0.00035062606899360915,-0.001795260192444692,-0.00235119312985399,-0.0005077284355817114,-0.0007223170617255414
2023-05-22,-0.0026623811605306358,-0.002334764956188895,-0.004401065956777805,-0.002531334678793939,-0.0024985730583597654
2023-05-23,-0.011335468966509499,-0.006654312218667746,-0.0069064146198148935,-0.009463006267372797,-0.008994890592588622
2023-05-24,-0.008562392153079967,-0.011240116820041335,-0.008996656567455963,-0.009633482019864515,-0.009901254486560651
2023-05-25,0.005744092470507667,-0.0003738036766197661,-0.004693733658891697,0.0032969340116566935,0.0026851443969439504
2023-05-26,0.016404409534231057,0.010758354849671914,0.00957159399807872,0.014145987660407401,0.013581382191951485
2023-05-30,0.0018541466184991418,0.0024311203267719517,-0.0005815779769174911,0.0020849361018082657,0.0021426334726355467
2023-05-31,-0.005807412765707287,0.000952099372149906,-0.0023313369471663625,-0.00310360791056441,-0.0024276566967786906
2023-06-01,0.0039906434171095295,0.0020878488500117864,0.004389563602182678,0.003229525590270432,0.003039246133560658
2023-06-02,0.02749852935718433,0.025303292224119645,0.022141623313099768,0.026620434503958457,0.026400910790651988
2023-06-05,-0.007260715668952145,-0.010059367498724048,-0.007294508607530115,-0.008380176400860907,-0.008660041583838096
2023-06-06,0.006794757043859789,0.007939602124373613,0.0026636463629039486,0.007252695076065319,0.007367179584116701
2023-06-07,-0.0038540113842461254,0.00958934814590684,0.005052993496557079,0.0015233324278150608,0.002867668380830357
2023-06-08,0.0029706596315537404,0.004844738626157197,0.004072637101618648,0.0037202912293951233,0.0039076991288554686
2023-06-09,0.0069529665360394954,-0.002010377309478284,-0.00011690290161892047,0.0033676289978323837,0.0024712946132806057
2023-06-12,0.0023641886684671043,0.004557866415845213,0.006684505474191305,0.0032416597674183477,0.0034610275421561587
2023-06-13,0.002749437679467448,0.005791226970513597,0.005729425091036244,0.003966153395885907,0.004270332324990522
2023-06-14,-0.012367885010916346,7.893622325227945e-05,-0.000322813905265229,-0.007389156517248896,-0.006144474393832033
2023-06-15,0.012681486482258642,0.011059622402475933,0.012167999046358569,0.012032740850345558,0.011870554442367287
2023-06-16,-0.0026454765087916554,-0.001988696180232008,-0.001357547446526719,-0.0023827643773677966,-0.0023170863445118317
2023-06-20,-0.0049177156208736195,-0.00933235532409149,-0.01056102301392503,-0.006683571502160767,-0.007125035472482555
2023-06-21,0.004172600075218247,-0.007729776799151766,-0.004782859744325019,-0.0005883506745297585,-0.0017785883619667597
2023-06-22,0.003315431380756184,0.003167070185044585,-0.0005381454787187767,0.0032560869024715446,0.0032412507829003845
2023-06-23,-0.002681883352532388,-0.004340709420232014,-0.005599288858038065,-0.0033454137796122387,-0.003511296386382201
2023-06-26,-0.0010917090451678657,-0.0006825914745896,0.0011436745404882487,-0.0009280620169365595,-0.0008871502598787329
2023-06-27,0.007242492469532014,0.00810421504561476,0.006426356901390484,0.007587181499965113,0.007673353757573387
2023-06-28,-0.0023760953486311465,0.00025407317268011376,-0.0014246913383327842,-0.0013240279401066425,-0.0010610110879755164
2023-06-29,0.00839881968266365,0.006064737039304324,0.0067854412360697225,0.0074651866253199195,0.007231778360983987
2023-06-30,0.011101891299032163,0.006194383801418013,0.007855506756288655,0.009138888299986502,0.008648137550225088
2023-07-03,0.0006299779484817414,0.0009371115908605177,0.0013764953392283452,0.0007528314054332519,0.0007835447696711295
2023-07-05,-0.005127529285965493,-0.006674981262452584,-0.0043421913689326574,-0.005746510076560329,-0.0059012552742090385
2023-07-06,-0.007057700624758634,-0.01079571403024615,-0.011143953691102881,-0.00855290598695364,-0.008926707327502392
2023-07-07,-0.011814992385130507,-0.0031692728075828347,-0.005136011547317465,-0.008356704554111439,-0.007492132596356671
2023-07-10,0.0038376160216564426,0.006391631950074528,0.005410106122756275,0.004859222393023676,0.005114623985865485
2023-07-11,0.00200935725009721,0.009891826977075802,0.009925928248721183,0.005162345140888647,0.005950592113586506
2023-07-12,0.00010456505323630516,-0.0007613356558385798,0.002452167919190673,-0.00024179523039364885,-0.0003283853013011373
2023-07-13,-0.0015407737299290014,0.0038917211601388058,0.0016482517037235134,0.0006322242260981216,0.0011754737151049022
2023-07-14,0.006170776361421826,-4.058664753625596e-05,-0.0025428306472655704,0.003686231157838593,0.003065094856942785
2023-07-17,-0.009089084961860117,0.00021606158458387092,-0.00020245712095190438,-0.005367026343282522,-0.004436511688638123
2023-07-18,0.005589264761165946,0.010519593814700023,0.008041316393297304,0.007561396382579577,0.008054429287932985
2023-07-19,0.004288272919095837,0.0030878867098227403,0.005322485143945732,0.003808118435386598,0.0036880798144592886
2023-07-20,0.004698918270449548,0.009839986705034276,0.004628223883485605,0.0067553456442834385,0.007269452487741912
2023-07-21,0.006666856572330904,0.00047012649557132136,0.0018505766126533096,0.004188164541627071,0.0035684915339511125
2023-07-24,-0.0029157836680017146,0.005617082710392518,0.003303404584364955,0.0004973628833559788,0.0013506495211954017
2023-07-25,-0.002774291693130926,0.00218208302931866,0.0021031710928991476,-0.0007917418041510913,-0.00029610433190613294
2023-07-26,-0.0015643584100146768,0.0010927138299006156,0.004204928953502662,-0.0005015295140485597,-0.0002358222900570306
2023-07-27,-0.002686503054846079,-0.004862978769130333,-0.006535373652573839,-0.003557093340559781,-0.003774740911988206
2023-07-28,0.008375119037177692,0.0018576523913098608,0.007335252097208533,0.005768132378830559,0.005116385714243776
2023-07-31,0.01024167797790776,0.0050374567833193495,0.0024801156199314445,0.008159989500072396,0.0076395673806135544
2023-08-01,-0.0039831409016822805,0.0032395093925923213,5.953910856226763e-05,-0.0010940807839724394,-0.0003718157545449796
2023-08-02,-0.009169649207877328,-0.011844961714941982,-0.010337511644393338,-0.010239774210703191,-0.010507305461409655
2023-08-03,0.0010392715267695252,-0.00327395170880429,-0.0014080916213569106,-0.000686017767460001,-0.0011173400910173825
2023-08-04,-0.004909042410666364,-0.0006728227610439674,-0.004627678858941331,-0.0032145545508174053,-0.002790932585855166
2023-08-07,0.013457302332791743,0.013314001690799548,0.01015890054218005,0.013399982075994864,0.013385652011795646
2023-08-08,-0.00217397309236278,-0.0035691965084168054,-0.0033199209078083047,-0.00273206245878439,-0.0028715848003897926
2023-08-09,-0.008042279473612912,-0.005663773059280897,-0.004328922416254599,-0.007090876907880106,-0.006853026266446904
2023-08-10,0.001939771935680401,0.004542589138807118,0.0032813339305393097,0.002980898816931088,0.0032411805372437597
2023-08-11,0.005037946851745856,0.0028948443564880133,0.002841423526608766,0.004180705853642719,0.003966395604116935
2023-08-14,0.005192324329868381,0.002422962174551735,0.0009694969999900493,0.004084579467741723,0.003807643252210058
2023-08-15,-0.018362430991970213,-0.009707427536472246,-0.012048082358873113,-0.014900429609771027,-0.01403492926422123
2023-08-16,-0.010870808185196146,-0.003232078843263264,-0.0053384435532981556,-0.007815316448422992,-0.007051443514229705
2023-08-17,-0.006532904461878042,-0.007093182920523633,-0.005009629358097789,-0.006757015845336278,-0.006813043691200837
2023-08-18,0.0023776408679121452,0.002884605639102089,0.0016227443595404623,0.002580426776388123,0.002631123253507117
2023-08-21,0.0030608934585742986,6.551220573536298e-05,-0.0009548282202931357,0.0018627409574387243,0.0015632028321548308
2023-08-22,-0.007869916448754233,-0.004134433812544969,-0.005284624338253163,-0.006375723394270527,-0.006002175130649601
2023-08-23,0.008904050489582316,0.0027641419166792858,0.006149523028732062,0.006448087060421104,0.005834096203130801
2023-08-24,-0.01798299575969453,-0.015812559565895223,-0.011060210783869984,-0.017114821282174807,-0.016897777662794877
2023-08-25,0.009736435824871492,0.010621400173273399,0.008071331917198332,0.010090421564232255,0.010178917999072445
2023-08-28,0.008444729638475978,0.01091368154435246,0.006864388325814819,0.009432310400826573,0.00967920559141422
2023-08-29,0.014644245368826025,0.009417396575515102,0.0091607893443173,0.012553505851501655,0.012030820972170564
2023-08-30,0.003716680778300452,0.0036640732694004363,0.0020251120355423424,0.0036956377747404457,0.003690377023850444
2023-08-31,-0.0004277123801470495,-0.0016756392890496796,-0.0016980890971444174,-0.0009268831437081015,-0.0010516758345983646
2023-09-01,0.013729486450525963,0.003655418947392297,0.0044555403264388005,0.009699859449272496,0.00869245269895913
2023-09-05,-0.007328869386101,-0.007313446726155304,-0.006951178976013717,-0.007322700322122721,-0.007321158056128152
2023-09-06,-0.007745004723781257,-0.003980683445882094,-0.0043187833247257945,-0.0062392762126215915,-0.005862844084831675
2023-09-07,-0.0059678108277498865,-4.183417019465452e-07,0.00031806800232137,-0.00358085383333071,-0.0029841145847259165
2023-09-08,0.00011541078839605312,0.0033257236067003593,0.0015438186854375147,0.0013995359157177756,0.0017205671975482062
2023-09-11,0.005245222811271155,0.00240819867789277,0.003924026355544452,0.004110413157919801,0.0038267107445819626
2023-09-12,0.0018315059393989586,-9.188743450083692e-05,-0.00023853659318306963,0.0010621485898390402,0.0008698092524490608
2023-09-13,-0.0005087124358816864,-0.00396673325304131,-0.0037011996656028945,-0.0018919207627455358,-0.0022377228444614983
2023-09-14,0.010200711185569311,0.01159984460706065,0.009278070872941413,0.010760364554165847,0.01090027789631498
2023-09-15,-0.005557212519062937,-0.007353522620605624,-0.007650242861373391,-0.006275736559680011,-0.0064553675698342805
2023-09-18,-0.00015422923877284056,-0.0005574200404167007,-8.025331252470291e-05,-0.0003155055594303846,-0.0003558246395947706
2023-09-19,-0.008501907355742633,-0.005214519178998955,-0.00462735191309116,-0.007186952085045162,-0.006858213267370794
2023-09-20,-0.016142817450792157,0.000502335960720357,-0.0035562620908012876,-0.009484756086187152,-0.0078202407450359
2023-09-21,-0.01713149138226089,-0.01628656632378722,-0.012626632145423256,-0.016793521358871424,-0.016709028853024055
2023-09-22,-0.006565727715787895,-0.00394346225300779,-0.004346959916151971,-0.005516821530675852,-0.005254594984397842
2023-09-25,0.003616162305672743,-0.0030180257097830454,0.0003020578493859727,0.0009624870994904278,0.0002990682979448489
2023-09-26,-0.015571069154458272,-0.01133279510761731,-0.011051720682354493,-0.013875759535721888,-0.013451932131037792
2023-09-27,0.0025738605765435185,-0.0032377408577228817,-0.0017259783899051806,0.0002492200028369584,-0.0003319401405896816
2023-09-28,0.007117745698119293,0.002205362193638205,0.002553962761241424,0.005152792296326859,0.004661553945878749
2023-09-29,0.006043964034868399,-0.005343896277448468,-0.0021542426599084896,0.0014888199099416517,0.0003500338787099655
2023-10-02,-0.0008907083915993264,-0.0055961448265466895,-0.00425620858405551,-0.002772882965578272,-0.003243426609073008
2023-10-03,-0.006990202728554773,-0.010253347074089092,-0.009854838542604605,-0.0082954604667685,-0.008621774901321932
2023-10-04,0.006438334028421977,0.0017207577509505967,0.0027301431096562467,0.004551303517433425,0.004079545889686287
2023-10-05,-0.000599508957385142,-0.006236418844022817,-0.0015188821408479436,-0.002854272912040212,-0.0034179639007039797
2023-10-06,0.006649564030465793,0.011218677569890145,0.007897565804471096,0.008477209446235534,0.00893412080017797
2023-10-09,0.0005326578127213821,0.006348657562420534,0.005787297561437255,0.002859057712601043,0.0034406576875709582
2023-10-10,0.011091685774246018,0.004538567832848228,0.005419925767874201,0.008470438597686902,0.007815126803547123
2023-10-11,0.004748169590355289,-0.00010723306641058361,0.0006264000665607838,0.0028060085276489398,0.0023204682619723527
2023-10-12,-0.007744730727978544,-0.00509903789558841,-0.0058618837059160045,-0.00668645359502249,-0.006421884311783477
2023-10-13,-0.011865111975296383,-0.0029303585545484845,-0.0007150868915883901,-0.008291210606997224,-0.007397735264922434
2023-10-16,0.011688624803357417,0.011574814533976463,0.010339260413446238,0.011643100695605035,0.01163171966866694
2023-10-17,0.002512746757807216,0.0044252946856959685,0.0018351377430718685,0.003277765928962717,0.0034690207217515923
2023-10-18,-0.011969898511093313,-0.011136898508888216,-0.00925504306140168,-0.011636698510211273,-0.011553398509990764
2023-10-19,-0.006779095610214947,-0.012551967747314263,-0.006676273796566767,-0.009088244465054674,-0.009665531678764605
2023-10-20,-0.01335836209788277,-0.008546982078173171,-0.008220665459301113,-0.011433810089998931,-0.01095267208802797
2023-10-23,-0.007092256981270695,-0.006216041504121361,-0.006305889063175751,-0.006741770790410962,-0.006654149242696028
2023-10-24,0.020087058671666602,0.008006386754908279,0.011086850364306677,0.015254789904963272,0.01404672271328744
2023-10-25,-0.01897597614067048,-0.005646017642058188,-0.0072919069222214805,-0.013643992741225564,-0.012310996891364334
2023-10-26,0.0005624869802300925,-0.004543649032670682,-0.005422606993308432,-0.0014799674249302175,-0.001990581026220295
2023-10-27,0.010725315112517286,-0.014035967385779169,-0.009181424749510003,0.0008208021131987037,-0.0016553261366309413
2023-10-30,0.013008524215204043,0.017055820876055616,0.015299939898516968,0.01462744287954467,0.01503217254562983
2023-10-31,0.014861558445277145,0.009003242949085388,0.005928521340849535,0.012518232246800442,0.011932400697181267
2023-11-01,0.01189601879443436,0.0026363855602573594,0.00552357377866497,0.00819216550076356,0.00726620217734586
2023-11-02,0.015445921624518189,0.0158061749724816,0.01699676893913038,0.015590022963703553,0.015626048298499895
2023-11-03,0.0065978620188194,0.007539355940705317,0.006886684664196174,0.006974459587573767,0.007068608979762359
2023-11-06,-0.001251561270336099,0.0005017226287273857,0.0004556571022868994,-0.000550247710710705,-0.00037491932080435664
2023-11-07,0.006653638326387323,-0.001217721400211369,0.0014242310643581835,0.003505094435747846,0.002717958463087977
2023-11-08,-0.007104438720466955,-0.002646771857465091,-0.0024468928738825557,-0.005321371975266209,-0.004875605288966023
2023-11-09,-0.0030004946159872814,-0.004098877375407706,-0.004476646091480352,-0.003439847719755451,-0.0035496859956974935
2023-11-10,0.018665057083995906,0.013705388370112592,0.010402385331538033,0.01668118959844258,0.01618522272705425
2023-11-13,0.004598273870051184,0.0030566091908270643,0.0013203292011063628,0.003981607998361536,0.003827441530439124
2023-11-14,0.019156545477052367,0.013723839192302911,0.01431474097169727,0.016983462963152583,0.01644019233467764
2023-11-15,0.012224255663495054,0.006239769216298985,0.007028006228355421,0.009830461084616625,0.00923201243989702
2023-11-16,-1.9090255342080198e-05,0.0043196606095798895,-0.0012844148653805565,0.0017164100906267078,0.0021502851771189047
2023-11-17,0.0017752343635362156,-0.00023813824132479233,0.0008144023774601106,0.0009698853215918124,0.0007685480611057116
2023-11-20,0.014478106253833944,0.007336685424617961,0.006631975678460078,0.01162153792214755,0.010907395839225953
2023-11-21,-0.004265179874995861,6.915780330740695e-05,-0.0018202966656510888,-0.002531444803674554,-0.002098011035844227
2023-11-22,0.003997208277197295,0.005345289283650079,0.00443086535301096,0.004536440679778408,0.004671248780423687
2023-11-24,0.004213557354026509,0.00203676661946095,0.0035896740964860285,0.0033428410602002853,0.0031251619867437297
2023-11-27,0.0029892330673739753,-0.0008949459916686164,-0.0014569755324258526,0.0014355614437569384,0.0010471435378526794
2023-11-28,0.006150002397023346,0.0021995722966372533,0.002430529940457893,0.004569830356868909,0.0041747873468303
2023-11-29,0.007037988894759373,0.00334778286377313,0.002722800962156713,0.005561906482364876,0.005192885879266251
2023-11-30,0.023752279224613426,0.01566435704634883,0.012690809790672608,0.02051711035330759,0.01970831813548113
2023-12-01,0.001611430815225967,0.007075885953861327,0.008199109187668085,0.0037972128706801112,0.004343658384543647
2023-12-04,-0.005255419240846937,0.00324428373918928,-0.001183342702212875,-0.0018555380488324501,-0.0010055677508288285
2023-12-05,-0.007608179971803408,-0.0009508774510376128,-0.0030725299626858105,-0.0049452589634970895,-0.0042795287114205105
2023-12-06,-0.00790276044876892,-0.0012391036095779073,-0.002503344775458771,-0.005237297713092514,-0.0045709320291734135
2023-12-07,0.001508732870465268,-8.268487494300647e-05,0.0021429881365444547,0.0008721657723019582,0.0007130239977611308
2023-12-08,0.0015690833739172572,0.004312043266098575,0.0026956518532796903,0.0026662673307897844,0.002940563320007916
2023-12-11,0.011809537800488101,0.00850970724863398,0.006245313098483196,0.010489605579746451,0.01015962252456104
2023-12-12,-0.0015303460051128148,0.0019701637115356885,0.0025969867304029837,-0.0001301421184534134,0.00021990885321143683
2023-12-13,0.01072827425999523,0.014293967675176322,0.013323145552379012,0.012154551626067666,0.012511120967585776
2023-12-14,0.00021865103739981961,0.008016608561520311,0.006377437822209675,0.0033378340470480166,0.004117629799460065
2023-12-15,-0.00046769005088431737,-0.003911403656742585,0.0012551669121700915,-0.0018451754932276244,-0.002189546853813451
2023-12-18,0.004918454616990475,0.00236326943825782,0.0014291683026368407,0.003896380545497413,0.0036408620276241477
2023-12-19,0.005641665396955098,0.003451642062417548,0.006807189733205377,0.004765656063140078,0.004546653729686323
2023-12-20,-0.01657713282860751,-0.01452823774839096,-0.013216562932183318,-0.01575757479652089,-0.015552685288499235
2023-12-21,0.010200552945209607,0.008484804920653621,0.008857815129511115,0.009514253735387213,0.009342678932931614
2023-12-22,0.00935990256471797,0.004497477831512331,-0.0009585028338053858,0.007414932671435715,0.0069286901981151505
2023-12-26,0.013159630376431197,0.003250263300337286,0.005834977608331293,0.009195883545993632,0.008204946838384242
2023-12-27,0.002762466671534236,0.0031753204239288735,0.0023071908440204236,0.002927608172492091,0.0029688935477315548
2023-12-28,-0.0033932477912304027,0.0028303770453914634,0.001171359254118265,-0.0009037978565816561,-0.00028143537291946963
2023-12-29,0.0002736269841534522,0.0008416872922383245,-0.0004832580473388415,0.0005008511073874011,0.0005576571381958884
2024-01-02,-0.0006614939362492578,0.00412860723853381,0.0009094842932055869,0.0012545465336639694,0.0017335566511422762
2024-01-03,-0.0007762935849791042,-0.004426070216188571,-0.006025962886403224,-0.002236204237462891,-0.0026011819005838377
2024-01-04,-0.003012029997957244,-0.0017183109994940438,-0.00033652138315887203,-0.002494542398571964,-0.002365170498725644
2024-01-05,-0.0037683272643187493,0.0007424815539165408,0.001563583995322304,-0.001964003737024633,-0.0015129228552011043
2024-01-08,0.011050452160497493,0.005163137704391918,0.006006557287727032,0.008695526378055263,0.008106794932444705
2024-01-09,-0.004751191707321745,-0.006219502880935868,-0.0053458809316107025,-0.005338516176767394,-0.005485347294128806
2024-01-10,0.0010098500645472352,0.0001507129401048246,0.003037008835346855,0.000666195214770271,0.0005802815023260299
2024-01-11,0.0010376252101287342,-6.080887383819178e-05,0.00013423460665107356,0.0005982515765419639,0.0004884081681452712
2024-01-12,0.006490523544641302,-0.002905333374066954,-0.0005962971993683785,0.0027321807771579997,0.0017925950852871742
2024-01-16,-0.005947980991824475,-0.0038088537735788686,-0.005577923007219487,-0.005092330104526232,-0.004878417382701672
2024-01-17,-0.005714034295312698,-0.007275343737901285,-0.004570233947635338,-0.006338558072348133,-0.0064946890166069915
2024-01-18,0.004231398037416234,0.004750829737698137,0.0066954654768076605,0.0044391707175289955,0.0044911138875571854
2024-01-19,0.008158477955523269,0.014848222832304137,0.011752150459429123,0.010834375906235616,0.011503350393913703
2024-01-22,0.0021456227615590517,0.006338158599419108,0.0037193574450722355,0.0038226370967030746,0.00424189068048908
2024-01-23,0.007771960915838649,-0.006478417426700966,-0.0008292443917438108,0.0020718095788228026,0.0006467717445688415
2024-01-24,-0.003483887690766463,-0.005890242838374693,-0.004497776882306903,-0.004446429749809755,-0.004687065264570578
2024-01-25,0.026646842936944415,0.02084339856845774,0.011365322331279515,0.02432546518954974,0.023745120752701077
2024-01-26,-0.020213213418374454,0.004837443296881627,-0.0014922556926126873,-0.01019295073227202,-0.007687885060746413
2024-01-29,0.0019526813898036455,0.005055216867103862,0.004877353756591596,0.003193695580723732,0.003503949128453754
2024-01-30,-0.000384089059251691,0.0043351458957754385,0.0026230839249909987,0.001503604922759161,0.0019755284182618738
2024-01-31,-0.0009696145049071792,-0.006563523220709966,-0.009403580026087544,-0.003207177991228294,-0.0037665688628085725
2024-02-01,0.0060412232570628,0.007519617526113187,0.009609723284554894,0.006632580964682955,0.0067804203915879935
2024-02-02,-0.00470449206483603,0.0026716987491812727,0.0010000096905560252,-0.0017540157392291085,-0.0010163966578273786
2024-02-05,-0.007371196806134517,-0.006088179444513453,-0.0067908947009651666,-0.006857989861486091,-0.006729688125323985
2024-02-06,0.005895393768931667,0.006245278916423347,0.004935223807071676,0.006035347827928339,0.006070336342677507
2024-02-07,0.007932499268149762,0.005799848525686047,0.0023383863011163797,0.007079438971164275,0.006866173896917904
2024-02-08,-0.0002925630854945238,0.004998863892971883,0.0028149695118815377,0.001824007705892039,0.0023531504037386797
2024-02-09,0.0018511073851956716,-0.003038959631481486,-0.0010426789364240685,-0.00010491942147519153,-0.0005939261231429072
2024-02-12,0.005339335675100143,0.0029262354694385984,0.004802328985297644,0.004374095592835525,0.004132785572269371
2024-02-13,-0.016821616268439255,-0.01160237180123902,-0.01202962587575318,-0.014733918481559161,-0.014211994034839137
2024-02-14,0.010859318351337466,0.00448691608392271,0.00447051960107725,0.008310357444371563,0.007673117217630088
2024-02-15,0.008459904682742492,0.009366999915952912,0.00940759789968304,0.00882274277602666,0.008913452299347702
2024-02-16,-0.008261276968142828,-0.0043374479732681825,-0.003952977394697577,-0.00669174537019297,-0.006299362470705505
2024-02-20,0.0034537198122033264,-0.0007936183030341493,-9.41745049228837e-05,0.001754784566108336,0.0013300507545845885
2024-02-21,-0.0006326748275883309,0.00012285001001255402,0.0015281521901897577,-0.0003304648925479769,-0.00025491240878788846
2024-02-22,0.005856977230345395,0.008351561041858968,0.00855338611266987,0.006854810754950824,0.0071042691361021815
2024-02-23,0.001983006613116123,6.418534512908636e-05,0.00174179385291362,0.0012154781059213083,0.0010235959791226046
2024-02-26,0.0003799525608854104,-0.0017073928255487703,-0.002630524630614195,-0.0004549855936882619,-0.0006637201323316799
2024-02-27,-0.0012727388333851897,-0.0026029233405719943,-0.0001362018697330658,-0.0018048126362599118,-0.001937831086978592
2024-02-28,0.005656381982083625,0.0004197125280429592,0.0006762343431745421,0.0035617142004673585,0.003038047255063292
2024-02-29,0.0008974483848382953,-0.005368313686874071,0.0013978144981889873,-0.0016088564438466514,-0.002235432651017888
2024-03-01,-0.003171813006330848,-0.0018932355893220842,0.0015263199679844686,-0.0026603820395273425,-0.002532524297826466
2024-03-04,-0.0022962222170787028,-0.0012329022443174908,-0.001101190019264231,-0.001870894227974218,-0.0017645622306980968
2024-03-05,-0.006768435144508089,-0.004491529051154575,-0.006886034088427806,-0.005857672707166684,-0.005629982097831332
2024-03-06,0.002467971259779489,0.002148982334039262,0.001495079471647065,0.002340375689483398,0.0023084767969093756
2024-03-07,0.0006635567876795978,0.00010516120215586788,0.002879720442770406,0.00044019855347010584,0.00038435899491773284
2024-03-08,2.9353842951662656e-05,-0.0008757171164467392,-0.000521640612651364,-0.00033267454080769814,-0.0004231816367475383
2024-03-11,0.000746853653178059,0.004114630902807059,0.0026041698811494207,0.002093964553029659,0.002430742277992559
2024-03-12,-0.00677853689869401,-0.0007987334035191029,0.005744227778344602,-0.004386615500624047,-0.0037886351511065564
2024-03-13,-0.004762167677638152,0.0007799046336895987,0.002081611096116154,-0.0025453387531070514,-0.0019911315219742765
2024-03-14,-0.007386849382364558,-0.006011076119679659,-0.004688458076436808,-0.006836540077290598,-0.006698962751022108
2024-03-15,-0.003691759168718778,-0.002981695618482938,-0.004310326076939153,-0.003407733748624442,-0.003336727393600858
2024-03-18,0.0006420587401956279,0.0026877773421616347,0.0022197815526230347,0.0014603461809820307,0.0016649180411786313
2024-03-19,0.007279874804944075,0.007240960474700797,0.00657560442173688,0.007264309072846764,0.007260417639822436
2024-03-20,0.011633207670738166,0.009542890439210083,0.010645900809895137,0.010797080778126933,0.010588049054974125
2024-03-21,0.003355809812039201,0.0033063661371166564,0.004300798709059972,0.003336032342070183,0.0033310879745779287
2024-03-22,-0.012541495395642643,-0.00594997353076987,-0.00777440962476017,-0.009904886649693533,-0.009245734463206257
2024-03-25,-0.0035860753385201782,-0.0024804172256280843,-0.0018310040132581973,-0.0031438120933633407,-0.0030332462820741313
2024-03-26,-0.004368170950556305,0.0005245692789368483,-0.0019163878798615919,-0.0024110748587590435,-0.0019218008358097283
2024-03-27,0.010940640719454775,0.01570767953902208,0.013340750677737212,0.012847456247281695,0.013324160129238427
2024-03-28,0.002013030025696416,0.0013012253276674102,0.0015025202972036578,0.0017283081464848139,0.0016571276766819132
2024-04-01,0.005237007143035877,-0.00731740925056823,-0.0041476264285023046,0.00021524058559423348,-0.0010402010537661766
2024-04-02,-0.005785039812288284,-0.00655798902826199,-0.006778045137799005,-0.006094219498677767,-0.006171514420275137
2024-04-03,-0.0016593409787041269,1.2149927221205559e-05,-0.0016436691520401725,-0.0009907446163339938,-0.0008235955257414607
2024-04-04,-0.017752745968206973,-0.011403641945812337,-0.012332814289484961,-0.015213104359249118,-0.014578193957009655
2024-04-05,0.010060014813665807,0.005367756659056644,0.00660490345745024,0.008183111551822142,0.007713885736361226
2024-04-08,0.0006937084388189962,-0.0013512799954955579,-0.0006897185094303371,-0.0001242869349068255,-0.0003287857783382808
2024-04-09,-0.0008291425900521787,0.0023259256059240396,0.0014166486132163314,0.0004328846883383087,0.0007483915079359305
2024-04-10,-0.004064049024644856,-0.013014270679897244,-0.01024252551508853,-0.007644137686745812,-0.00853915985227105
2024-04-11,0.0013335509193712625,-0.0016334070088960262,0.0008584325758602684,0.00014676774806434692,-0.00014992804476238186
2024-04-12,-0.01202694477686328,-0.012692572535228042,-0.011857265847615373,-0.012293195880209185,-0.01235975865604566
2024-04-15,-0.019307471952188182,-0.0064557683600916516,-0.005950443380099424,-0.01416679051534957,-0.012881620156139917
2024-04-16,0.004079413883393279,-0.0018001697588294618,-0.0014101816739902073,0.0017275804265041827,0.0011396220622819087
2024-04-17,-1.2144077903286643e-05,0.002216374224411455,-0.0015985160964838707,0.00087926324302261,0.001102115073254084
2024-04-18,-0.004611041311491482,0.003456364399043288,0.0009476768039085037,-0.0013840790272775735,-0.0005773384562240969
2024-04-19,-0.003660704169546336,0.00798538427754969,0.005794405505456179,0.0009977312092920745,0.002162340054001677
2024-04-22,0.010517959858250991,0.00355115733239586,0.005273961523969195,0.007731238847908939,0.007034558595323426
2024-04-23,0.0021366467986470017,0.005662208932445845,0.005074939259130495,0.0035468716521665387,0.003899427865546423
2024-04-24,-0.006742349274525994,-0.00011833891829604593,-0.00020279420858104746,-0.004092745132034015,-0.00343034409641102
2024-04-25,-0.0024871164799499246,-0.0012315168158841816,-0.007231804976527423,-0.0019848766143236276,-0.001859316647917053
2024-04-26,0.0052222055386828,0.0013965397989561534,0.003460408478887178,0.003691939242792142,0.003309372668819477
2024-04-29,0.007718136629021322,0.004104816462874972,0.004470692778901553,0.0062728085625627815,0.005911476545948147
2024-04-30,-0.011789818317257561,-0.015458717699526336,-0.013020865047637775,-0.013257378070165072,-0.013624268008391949
2024-05-01,0.008695264791854562,0.003548564570835966,0.002498720943378885,0.0066365847034471235,0.006121914681345264
2024-05-02,0.013446661016321748,0.00801785792944032,0.0067520071064408604,0.011275139781569177,0.010732259472881034
2024-05-03,0.0027278732142088646,0.00556962875546585,0.009607206007797187,0.003864575430711659,0.004148750984837357
2024-05-06,0.0030125774949611994,0.007895882473777593,0.004790997500298877,0.004965899486487757,0.005454229984369396
2024-05-07,0.00084765312819024,-0.0032300912820277805,0.00041134762637851097,-0.0007834446358969683,-0.0011912190769187703
2024-05-08,0.005279463759635172,0.0035485236055892155,0.004225530935258348,0.00458708769801679,0.004413993682612194
2024-05-09,0.002710361038228193,0.00830452815471694,0.007177215280253613,0.0049480278848236916,0.005507444596472566
2024-05-10,0.004387007521668984,0.0020230768149556155,0.002539952922952393,0.0034414352389836368,0.0032050421683123
2024-05-13,-0.002172369603058999,0.0015528596656406712,-0.0007659710123777419,-0.0006822778955791308,-0.00030975496870916386
2024-05-14,0.0001929122093229374,4.057235855681185e-05,0.0016442525419986254,0.00013197626901648716,0.00011674228393987462
2024-05-15,0.007387166363070241,0.005566025606956071,0.005622954939761504,0.006658710060624573,0.006476595985013156
2024-05-16,0.017025299857271303,0.007090729234343174,0.0025869137233860418,0.013051471608100051,0.012058014545807239
2024-05-17,0.004834447936913122,-3.161272646767799e-05,0.002640346056166143,0.002888023671560802,0.002401417605222722
2024-05-20,-0.0031320525208332617,-0.004121576062225518,-0.005319577783384433,-0.003527861937390164,-0.00362681429152939
2024-05-21,-0.0070313695509235385,0.0017946510380333347,0.0007164765596208156,-0.0035009613153407886,-0.002618359256445102
2024-05-22,-0.0010445987742451202,-0.0019308505227275674,-0.003801191186245001,-0.001399099473638099,-0.0014877246484863438
2024-05-23,-0.025282692298058906,-0.013844707286478686,-0.015506250057642612,-0.020707498293426815,-0.019563699792268796
2024-05-24,0.004973501354650356,0.0028930490140612886,0.0017399094184593622,0.004141320418414729,0.003933275184355822
2024-05-28,-0.004527342520441402,-0.0050668781772084115,-0.005452351348443352,-0.004743156783148206,-0.004797110348824907
2024-05-29,-0.007965096859867793,-0.007059991906277152,-0.008940028244981302,-0.007603054878431537,-0.0075125443830724725
2024-05-30,0.008052100307930132,0.005123074243378989,-0.0019255256578449842,0.006880489882109675,0.006587587275654561
2024-05-31,0.013247775117440241,0.01340237732441496,0.01498104550170587,0.013309616000230128,0.0133250762209276
2024-06-03,-0.0013664392026769834,0.0002557510637175575,-0.002276990496910769,-0.0007175630961191669,-0.0005553440694797129
2024-06-04,0.0038695262554853116,0.004169087361486135,0.004187146091374494,0.003989350697885641,0.004019306808485723
2024-06-05,-0.001067891293251133,-0.0017016259599805794,0.0005216647809180852,-0.0013213851599429116,-0.0013847586266158562
2024-06-06,0.005005705428572593,0.002880417709521188,0.0024946339843554544,0.004155590340952031,0.003943061569046891
2024-06-07,-0.00022567799257156018,-0.0016565378056061508,-0.0019406381695447061,-0.0007980219177853965,-0.0009411078990888555
2024-06-10,0.0018330052690285203,0.0013344090076627957,0.0015054299091625811,0.0016335667644822305,0.001583707138345658
2024-06-11,-0.011638556075405315,-0.0028468685897021784,-0.0022715482103413676,-0.00812188108112406,-0.007242712332553747
2024-06-12,-0.008285399568583207,-0.003125048999776725,-0.003426161407941164,-0.0062212593410606145,-0.005705224284179966
2024-06-13,-0.006109077650315764,-0.0012275982867021584,-0.001573099579092907,-0.004156485904870322,-0.003668337968508961
2024-06-14,-0.005427748873225835,-0.0004955104742611072,-0.0021442637618505067,-0.0034548535136399434,-0.002961629673743471
2024-06-17,0.0056166507845683,0.00645256880572731,0.005549742157832327,0.005951017993031904,0.006034609795147805
2024-06-18,-0.0005222322761253562,0.001933445093245334,0.0015968958689314139,0.00046003867162292,0.0007056064085599889
2024-06-20,0.006740521286271894,0.007341246548021374,0.007395360226673198,0.006980811390971686,0.007040883917146634
2024-06-21,0.0016944470945723378,0.002210153839560025,0.0016719304936931856,0.0019007297925674126,0.0019523004670661814
2024-06-24,0.0067575025899075936,0.008462648811726536,0.006870751444464807,0.007439561078635171,0.007610075700817065
2024-06-25,-0.011678194779146556,-0.006673301543652865,-0.008369856321148061,-0.00967623748494908,-0.00917574816139971
2024-06-26,0.006550260939512054,0.0007291886863949326,0.0006523276372460973,0.004221832038265204,0.003639724812953493
2024-06-27,0.0039049619120117285,0.00395562013695927,0.001583380982667304,0.003925225201990745,0.003930291024485499
2024-06-28,-0.0024375648967666086,-0.0008767899957100589,-0.008118354664356286,-0.0018132549363439887,-0.0016571774462383337
2024-07-01,0.009484818950346696,0.001827057291218237,0.0019328011582695481,0.006421714286695313,0.005655938120782467
2024-07-02,0.0004914666244795196,0.0014779463739820198,0.002749612963504733,0.0008860585242805197,0.0009847064992307697
2024-07-03,-0.0027932817596768578,-0.00028861653911027574,-0.0004122566424696883,-0.0017914156714502248,-0.0015409491493935668
2024-07-05,0.0009377906312431072,0.001840951333050178,0.0018611220925104366,0.0012990549119659355,0.0013893709821466427
2024-07-08,0.002922998255384446,-0.0007212250070466331,-0.0014757020374477348,0.001465308950412014,0.0011008866241689064
2024-07-09,-0.003546172082970478,-0.003999622286985249,-0.0030099086168511313,-0.0037275521645763867,-0.0037728971849778636
2024-07-10,0.009219217806483382,0.007541815572947641,0.010007774068002018,0.008548256913069086,0.008380516689715511
2024-07-11,0.0008018910372362686,-0.00024777362331118713,0.0029409196953005257,0.0003820251730172863,0.00027705870696254076
2024-07-12,0.0021357785070195145,0.0035008749460065935,0.0054918753750925475,0.0026818170826143463,0.002818326726513054
2024-07-15,-0.0015058730326428238,0.0022749275099607225,0.001843728063132044,6.447184398594729e-06,0.00038452723865894933
2024-07-16,0.02154898120004045,0.01312041097056138,0.015430326536438166,0.018177553108248826,0.017334696085300916
2024-07-17,0.00711768106743671,-0.0008982107228305836,0.006471538651463549,0.003911324351329792,0.003109735172303063
2024-07-18,-0.010853909388816585,-0.009645573512540695,-0.010576200968252403,-0.01037057503830623,-0.01024974145067864
2024-07-19,-0.02190502427240837,-0.006496500360656188,-0.008743304003687169,-0.015741614707707498,-0.014200762316532278
2024-07-22,-0.006456082895882731,0.002289500705076053,0.0010136145548027553,-0.002957849455499217,-0.002083291095403339
2024-07-23,0.010091199681248497,0.005987513486248375,-0.00011655629166229531,0.008449725203248448,0.008039356583748436
2024-07-24,-0.029269687202378658,-0.005836973361696307,-0.010221568443339657,-0.019896601666105716,-0.017553330282037483
2024-07-25,0.003878732553523223,-0.002099841776339706,0.003514990586583,0.0014873028215780513,0.0008894453885917586
2024-07-26,0.01954727103036258,0.008364567331944128,0.018249794834069855,0.015074189550995199,0.013955919181153353
2024-07-29,-0.0002988444155981318,0.002142394711513118,0.0006777801207633605,0.0006776512352463682,0.0009217751479574932
2024-07-30,0.005594333248111427,-0.001267360683221419,0.0028784787953324287,0.0028496556755782886,0.002163486282445004
2024-07-31,0.006272187887923275,-0.0005074442634609433,0.0020506501202868233,0.0035603350273695875,0.002882371812231166
2024-08-01,-0.024518976119544234,-0.005498010991708768,-0.009639736116629605,-0.016910590068410048,-0.015008493555626501
2024-08-02,-0.0454235371713817,-0.010786269705553853,-0.01290326406776321,-0.03156863018505056,-0.028104903438467776
2024-08-05,-0.030162405829126993,-0.025603868470686075,-0.024995877407167022,-0.028338990885750624,-0.027883137149906534
2024-08-06,0.010322024024681298,0.005194119652088158,0.007285729527837681,0.008270862275644043,0.007758071838384728
2024-08-07,-0.0013262298801088868,-0.0017960199819523348,-0.005251030274171065,-0.0015141459208462662,-0.0015611249310306108
2024-08-08,0.025355893997670798,0.011032139291943022,0.016009241723250023,0.019626392115379684,0.01819401664480691
2024-08-09,0.008025756150689789,0.00044154587095390774,0.0021639864592977176,0.004992072038795437,0.004233651010821848
2024-08-12,-0.0036361524131501843,-0.0011960796069820923,-0.004561888357147437,-0.0026601232906829472,-0.0024161160100661383
2024-08-13,0.023218306844033254,0.008538766380354668,0.009709828438715595,0.01734649065856182,0.01587853661219396
2024-08-14,0.005763386925705438,0.004044556435986557,0.005044479115281719,0.005075854729817886,0.004903971680845998
2024-08-15,0.03322826513156163,0.012992072808918786,0.017501529127278204,0.02513378820250449,0.023110168970240208
2024-08-16,0.006221440115777854,0.005280792421118008,0.0042098024293937275,0.0058451810379139164,0.005751116268447931
2024-08-19,0.005883606484330617,0.003859189405815755,0.005509690828193081,0.005073839652924672,0.004871397945073186
2024-08-20,-0.007556496767700205,0.001201359125643675,-0.0013348712399432472,-0.004053354410362652,-0.003177568821028265
2024-08-21,-0.0014515662932242934,0.0004983275672374443,0.0031163922652637233,-0.0006716087490395983,-0.00047661936299342456
2024-08-22,-0.007558614054582247,-0.0038596164175576098,-0.0036252270547912913,-0.006079014999772391,-0.005709115236069928
2024-08-23,0.011181159465220913,0.009484773703707816,0.009746810514481563,0.010502605160615675,0.010332966584464365
2024-08-26,-0.0005110689895200249,0.0033321050687515896,0.0034004888961143287,0.001026200633788621,0.0014105180396157824
2024-08-27,0.00026968497031720773,0.0008618895523773151,0.00016247446622519313,0.0005065668031412507,0.0005657872613472614
2024-08-28,-0.01151548113242884,-0.0030295602626300155,-0.00414177313433528,-0.00812111278450931,-0.007272520697529428
2024-08-29,0.005386307949497127,0.00585212230907417,0.005606601061112881,0.005572633693327944,0.0056192151292856485
2024-08-30,0.007022287119907933,0.006569453772461209,0.0074633862266484385,0.006841153780929243,0.006795870446184571
2024-09-03,-0.02778695855945945,-0.016211973904788346,-0.013184547009772007,-0.023156964697591008,-0.0219994662321239
2024-09-04,-0.0036371683714637726,0.0008167046221692065,-0.0012742264998799602,-0.0018556191740105807,-0.001410231874647283
2024-09-05,0.00031466078781439144,-0.0074855058635344696,-0.004514426919187686,-0.002805405872725153,-0.003585422537860039
2024-09-06,-0.022299830930564535,-0.01237238335422386,-0.009943386739051152,-0.018328851900028264,-0.017336107142394197
2024-09-09,0.01634282566596723,0.01270318115049296,0.011643758656653569,0.014886967859777523,0.014523003408230095
2024-09-10,-0.009350347642298251,-0.003848187098470124,-0.00042776552887113795,-0.007149483424767,-0.0065992673703841875
2024-09-11,0.018082923530392758,0.006038280546957875,0.002738044555084862,0.013265066337018806,0.012060602038675317
2024-09-12,0.007516292921319057,0.0058765144488848176,0.005637278179713823,0.006860381532345361,0.006696403685101937
2024-09-13,-0.002183356183535934,0.006613507435902832,0.0059920089995750825,0.001335389264239573,0.0022150756261834492
2024-09-16,0.004678409562254959,0.008461927995314866,0.007640239926838266,0.006191816935478922,0.006570168778784913
2024-09-17,0.007810492955862225,0.0008512008550678463,-0.0004081458717867248,0.005026776115544473,0.004330846905465036
2024-09-18,-0.007167924914080914,-0.0037900506009200807,-0.0020389054168915566,-0.005816775188816581,-0.0054789877575004975
2024-09-19,-0.0024540265249908266,0.00011896184579462954,0.008940257102138638,-0.0014248311766766441,-0.0011675323395980985
2024-09-20,0.01932020193258488,0.005751051281384534,0.003922524627981705,0.013892541672104741,0.012535626606984707
2024-09-23,0.006018550119345045,0.003925317592957889,0.0022556671341171786,0.0051812571087901825,0.004971933856151467
2024-09-24,0.003974121180036372,-0.0033621690898674172,0.0026276416521953117,0.001039605072074856,0.0003059760450844773
2024-09-25,-0.0012942570915409624,-0.008677079253309294,-0.005613750780706028,-0.004247385956248295,-0.004985668172425128
2024-09-26,0.004235390483613655,0.0034693469745321615,0.005848318670602426,0.003928973079981057,0.003852368729072908
2024-09-27,-0.006330041619949323,0.0023905476774614964,0.002877049574265378,-0.0028418059009849947,-0.001969746971243913
2024-09-30,-0.0011919742863918392,7.668270001004451e-05,-0.00032595224452480753,-0.0006845114918310857,-0.0005576457931908974
2024-10-01,9.425744180102669e-05,-0.0012610642062576005,-0.0025819289143818036,-0.00044787121742242427,-0.0005834033822282869
2024-10-02,-0.01628233119602407,-0.000991270452933679,-0.00278834288114449,-0.010165906898787913,-0.008636800824478874
2024-10-03,-0.004750909078649501,-0.005265557161188483,-0.005553096162035587,-0.004956768311665093,-0.005008233119918992
2024-10-04,0.007091958489546135,0.00787960288613121,0.007733268188128806,0.0074070162481801646,0.007485780687838672
2024-10-07,-0.013939304309748435,-0.006003661882563072,-0.010461931103727173,-0.01076504733887429,-0.009971483096155753
2024-10-08,0.004038346002149806,-0.0014047607386014072,0.0026795037515143783,0.001861103305849321,0.0013167926317741996
2024-10-09,0.012512293604014735,0.008912307598477609,0.009415907173204285,0.011072299201799883,0.010712300601246172
2024-10-10,-0.004392499789684812,-0.0037698932048852996,-0.002523500927620881,-0.0041434571557650065,-0.004081196497285056
2024-10-11,0.006257161355844643,0.011837120867710826,0.009234128992106072,0.008489145160591117,0.009047141111777735
2024-10-14,0.002554795796825493,0.00046401133893669844,0.004004422351793879,0.0017184820136699752,0.0015094035678810958
2024-10-15,0.004520106426366244,-0.004260217292746615,-0.0012786066084139458,0.0010079769387210998,0.00012994456680981425
2024-10-16,0.0038381619728793392,0.007459917701682972,0.007526295586951726,0.0052868642644007926,0.005649039837281156
2024-10-17,-0.0036161199061008897,-0.0017490517181486531,0.003368798778074611,-0.002869292630919995,-0.0026825858121247714
2024-10-18,0.0017938708708693518,0.0023969615106163022,0.001064917146162303,0.002035107126768132,0.002095416190742827
2024-10-21,-0.008432294545677066,-0.007384670460326759,-0.007863931822186032,-0.008013244911536942,-0.007908482503001912
2024-10-22,-0.00033187929979017206,-0.007221472200449219,-0.003190128200307174,-0.003087716460053791,-0.0037766757501196957
2024-10-23,-0.009947328132498545,-0.004364105670363827,-0.0076373709265050715,-0.007714039147644658,-0.007155716901431186
2024-10-24,-0.015574848265692998,-0.007961036257272736,-0.00618247917773862,-0.012529323462324892,-0.011767942261482867
2024-10-25,-0.008366283882858427,-0.004103062123111179,-0.00718159632829396,-0.006660995178959528,-0.006234673002984803
2024-10-28,0.0074090017986792045,0.005956441313238248,0.005511281243849364,0.006827977604502822,0.006682721555958726
2024-10-29,-0.007781052280389056,-0.005296854268867723,-0.004455289583473854,-0.0067873730757805235,-0.00653895327462839
2024-10-30,-0.0076109318408541515,-0.005500713015058056,-0.0023414560442009957,-0.006766844310535714,-0.006555822427956104
2024-10-31,-0.0024688136740710354,-0.00429524800491865,-0.006399385840460403,-0.0031993874064100815,-0.003382030839494843
2024-11-01,0.011265721090948144,0.006652774042991805,0.006765553546579373,0.009420542271765609,0.008959247566969974
2024-11-04,-0.007779880356618807,-0.0030624132449504904,-0.002530426923600837,-0.005892893511951481,-0.005421146800784649
2024-11-05,0.009340908549267057,0.007729159517955386,0.008336551135043724,0.008696208936742389,0.008535034033611222
2024-11-06,0.010291149260715393,0.013917200490320969,0.023954683991782355,0.011741569752557624,0.012104174875518181
2024-11-07,0.0020278762549514884,0.003948582853674498,0.0014399208813169473,0.0027961588944406925,0.0029882295543129933
2024-11-08,0.0012137525163491425,0.004828389957292734,0.00519250131366733,0.0026596074927265788,0.003021071236820938
2024-11-11,-0.004171211208127135,0.006823488672826894,0.0032634505244755196,0.0002266687442544768,0.0013261387323498797
2024-11-12,-0.0037520730583324724,-0.00044385587321926767,-0.005807607064701625,-0.00242878618428719,-0.00209796446577587
2024-11-13,0.006190981987787447,0.005097858777278308,0.0022509667610850492,0.005753732703583791,0.005644420382532878
2024-11-14,-0.001488849116713542,-0.005599190848405655,-0.002709257247370811,-0.003132985809390387,-0.0035440199825595986
2024-11-15,-0.007936676172675128,-0.0043700751214657,-0.004558978238348832,-0.006510035752191357,-0.006153375647070414
2024-11-18,0.0035257226946765474,0.0009921031049717755,0.00022210340929484929,0.0025122748587946384,0.0022589128998241614
2024-11-19,0.007065414814192872,-0.0019851746840856554,-0.00021012613279791648,0.0034451790148814607,0.002540120065053608
2024-11-20,0.0021789211629155147,-0.0010997470903966189,0.002827371083798269,0.0008674538615906612,0.0005395870362594479
2024-11-21,0.0018799180197832666,0.015847452277756524,0.009591241442587162,0.00746693172297257,0.008863685148769895
2024-11-22,0.010743941427856951,0.01052101886978174,0.010120120650745523,0.010654772404626867,0.010632480148819345
2024-11-25,0.009131916091016157,0.01091354283341528,0.008494931000531336,0.009844566787975805,0.010022729462215718
2024-11-26,0.004242256832265534,0.005010044989314011,0.00364929140516268,0.004549372095084925,0.0046261509107897725
2024-11-27,-0.002260969813569824,0.0007400032635580533,-0.0011021160073422243,-0.001060580582718673,-0.0007604832750058854
2024-11-29,0.008480238153097064,0.000981684795594795,0.0040208684788751725,0.005480816810096155,0.004730961474345929
2024-12-02,-0.004211811165891199,-0.002539571637381055,-0.0018058337330906227,-0.0035429153544871417,-0.0033756914016361272
2024-12-03,-0.0014257511319653027,-0.0020580632172834123,-0.001627850026432065,-0.0016786759660925464,-0.0017419071746243575
2024-12-04,0.00018967198340003044,0.007383123516657042,0.004492221343568081,0.0030670525967028354,0.003786397750028536
2024-12-05,0.00531635240105377,-3.7507693718574764e-05,-0.0007260909628479251,0.003174808363144832,0.0026394223536675976
2024-12-06,-0.005744498273139831,-0.0015521079114054759,-0.0020901188051893893,-0.004067542128446088,-0.0036483030922726534
2024-12-09,-0.0052535876076802435,-0.008568291450676724,-0.006368535187974866,-0.006579469144878836,-0.006910939529178484
2024-12-10,0.003407373305199135,0.0007932371287833195,-0.0021836594924585784,0.0023617188346328087,0.0021003052169912273
2024-12-11,0.002495667692429704,-0.0017949265021881544,-0.00044492620877800704,0.0007794300145825605,0.00035037059512077473
2024-12-12,0.0020766320728549115,0.0011314235477191126,-0.002607634420310423,0.001698548662800592,0.001604027810287012
2024-12-13,-0.001623402728370027,-0.0025891276973782906,-0.0021622056405120604,-0.0020096927159733323,-0.002106265212874159
2024-12-16,-0.00521660187805173,-0.002380280350431252,-0.0028295016102387605,-0.0040820732670035385,-0.003798441114241491
2024-12-17,-0.003991133941326441,0.0009862883278963785,-0.0030842097799357315,-0.0020001650336373133,-0.0015024228067150314
2024-12-18,-0.018295176038436,-0.02626113574612876,-0.02309833932142369,-0.021481559921513106,-0.02227815589228238
2024-12-19,0.008560143465630832,0.005326645914287997,0.0018398401036916479,0.007266744445093698,0.0069433946899594146
2024-12-20,0.012067975664961761,0.004930583574597858,0.009028347823026417,0.0092130188288162,0.00849927961977981
2024-12-23,0.004420447219755541,-0.0006370092533393157,0.001316614851391451,0.0023974646305175984,0.0018917189832081127
2024-12-24,0.00821938230527186,0.009626851498287348,0.008600104081698978,0.008782369982478055,0.008923116901779604
2024-12-26,0.0022473088839662925,0.0005566937589265297,0.0010775748612945613,0.0015710628339503875,0.001402001321446411
2024-12-27,-0.006700900436181767,-0.00793181756530692,-0.007207211719274964,-0.007193267287831828,-0.0073163590007443435
2024-12-30,-0.010503839298644846,-0.011526994243593158,-0.010197538724800004,-0.01091310127662417,-0.011015416771119002
2024-12-31,-0.0012190730793240068,0.000408168618497573,0.0006943877960432498,-0.0005681764001953749,-0.0004054522304132169
2025-01-02,0.002912166795485449,-0.0038599880305768552,-0.0033616688612175816,0.0002033048650605272,-0.00047391061754570307
2025-01-03,0.009038074581835254,0.005847459311776992,0.0067169108152402845,0.00776182847381195,0.007442766946806123
2025-01-06,-0.0002636017193172746,-0.0015837972206331763,-0.0016538889906309029,-0.0007916799198436353,-0.0009236994699752255
2025-01-07,-0.008436399672163364,-0.0027500482729834186,-0.0028530099376651297,-0.0061618591124913856,-0.005593223972573391
2025-01-08,0.003170033776861647,0.002441716257496118,0.0011182764239303644,0.0028787067691154354,0.0028058750171788827
2025-01-10,-0.019185158356239795,-0.015066541499167307,-0.013565382226327083,-0.0175377116134108,-0.01712584992770355
2025-01-13,0.0056638196347094105,0.007191387514330572,0.006632194058252994,0.006274846786557875,0.006427603574519991
2025-01-14,0.0009015760696817754,0.006649281034889709,0.0030754340773064825,0.003200658055764949,0.0037754285522857423
2025-01-15,0.011592703389448955,0.0067456148389775095,0.01195858689475715,0.009653867969260377,0.009169159114213232
2025-01-16,-0.011168404774345886,0.0016006076502352862,0.00033194452060580915,-0.006060799804513416,-0.0047838985620553
2025-01-17,0.013033493913141792,0.005047011004658319,0.006903327891192967,0.009838900749748403,0.009040252458900055
2025-01-21,0.007199229734348611,0.009689102631950552,0.010874928436773512,0.008195178893389388,0.008444166183149582
2025-01-22,0.010657795940723025,0.010581781322686279,0.003610982918396566,0.010627390093508327,0.010619788631704652
2025-01-23,0.008121396564543248,0.005673224592495307,0.008013909517382789,0.007142127775724072,0.006897310578519278
2025-01-24,-0.00034253511658932645,-0.006986224477050662,-0.00304014657008822,-0.003000010860773861,-0.0036643797968199943
2025-01-27,-0.003824370159076218,0.0035667240436252357,0.00686423901354738,-0.0008679324779956364,-0.00012882305772549119
2025-01-28,0.02259795331825898,0.007889128835181003,0.002078644543434427,0.016714423525027788,0.01524354107671999
2025-01-29,-0.006314327369831285,-0.003290432534366672,-0.0013338232032238384,-0.00510476943564544,-0.0048023799520989785
2025-01-30,-0.0014827864813389269,0.014099422017982421,0.007318067873674172,0.004750096918389612,0.006308317768321747
2025-01-31,-0.009925214827889883,-0.004394274215280158,-0.0083788869809992,-0.007712838582845993,-0.007159744521585021
2025-02-03,-0.0029929204352731054,0.0030887873670177868,-0.001229882886318534,-0.0005602373143567484,4.793346587234071e-05
2025-02-04,0.008509874804919937,0.0049276609788950765,0.0017005981470508136,0.0070769892745099925,0.006718767891907507
2025-02-05,0.01221468653865787,0.006175585444255116,0.006588771878642152,0.009799046100896769,0.009195135991456493
2025-02-06,-0.0005473127036627057,-0.010632861516458814,-0.003455567556862049,-0.0045815322287811495,-0.00559008711006076
2025-02-07,-0.009080263110715081,-0.014045536299846728,-0.009997374798434988,-0.011066372386367741,-0.011562899705280905
2025-02-10,0.00812797252149755,0.0051771220926659645,0.005328906724182847,0.006947632349964916,0.0066525473070817576
2025-02-11,0.0019434786649519253,0.002413981790552855,0.004640846546197341,0.002131679915192297,0.00217873022775239
2025-02-12,0.0043587128227642324,0.0006224415959503737,-0.0027020244594906373,0.002864204332038689,0.002490577209357303
2025-02-13,0.016338899874517532,0.007300449168719858,0.008450742886592533,0.012723519592198463,0.011819674521618695
2025-02-14,0.0030159098687232433,-0.004155891109300702,-0.0032142806682842195,0.00014718947751366494,-0.0005699906202887295
2025-02-18,0.002034966311041053,0.006462234866678962,0.0031392283712057267,0.0038058737332962167,0.004248600588860008
2025-02-19,0.003105897068040875,0.002079943170827603,0.004100099764075216,0.002695515509155566,0.002592920119434239
2025-02-20,-0.014634459953766554,-0.007326621598230942,-0.006648370102401602,-0.01171132461155231,-0.010980540775998748
2025-02-21,-0.01772260707782758,-0.013376851106420284,-0.011851385207101162,-0.01598430468926466,-0.015549729092123932
2025-02-24,-0.0009258921318975322,0.00227083019506491,0.0026090877088376097,0.00035279679888744486,0.000672469031583689
2025-02-25,0.0036029791518252807,0.004652249072353065,0.005015540440214128,0.0040226871200363945,0.004127614112089173
2025-02-26,-0.0009576118791957411,-0.0023220210007316444,-0.0050210824364333995,-0.0015033755278101024,-0.0016398164399636928
2025-02-27,-0.018547177598788878,-0.011676346503165735,-0.003988266687525832,-0.015798845160539622,-0.015111762050977307
2025-02-28,0.019847803749847737,0.009044884024564492,0.013213059492216628,0.015526635859734439,0.014446343887206115
2025-03-03,-0.019675064014266552,-0.010259685187115952,-0.012128195185358015,-0.015908912483406312,-0.014967374600691252
2025-03-04,-0.018652804615168272,-0.0106902532461709,-0.016287245498932457,-0.015467784067569323,-0.014671528930669586
2025-03-05,0.006521992729690451,0.011515309705986354,0.009434483394592741,0.008519319520208813,0.009018651217838403
2025-03-06,-0.01916866394812511,-0.006548003537730995,-0.008466481765537992,-0.014120399783967463,-0.012858333742928052
2025-03-07,0.004715035868924966,0.00944883376278094,0.006437436499722837,0.0066085550264673555,0.007081934815852953
2025-03-10,-0.03222856869205637,-0.019313382310014893,-0.018142306377139428,-0.02706249413923978,-0.02577097550103563
2025-03-11,-0.021319783854106267,-0.016814738879537994,-0.013364763106498811,-0.019517765864278957,-0.01906726136682213
2025-03-12,0.005722208040867205,-0.007476913838816213,-0.0019980983443803613,0.00044255928899383746,-0.0008773528989745039
2025-03-13,-0.014430807614623564,-0.013783079777643703,-0.009762801531456367,-0.01417171647983162,-0.014106943696133634
2025-03-14,0.02224992026091943,0.016032068888753193,0.014727404901981433,0.019762779712052935,0.019140994574836312
2025-03-17,0.004508952916789433,0.006768384554351359,0.008164539545775451,0.005412725571814204,0.005638668735570396
2025-03-18,-0.010922682720252208,-0.009787326156739606,-0.00663049812627281,-0.010468540094847167,-0.010355004438495907
2025-03-19,0.009656341122859402,0.014604023043786496,0.00930348035331896,0.01163541389123024,0.012130182083322949
2025-03-20,-0.002253146616876478,-0.003555510055704536,-0.0019164282510228947,-0.0027740919924077014,-0.002904328336290507
2025-03-21,0.003794151626214104,-0.0016900887519618601,-0.0011844104987052129,0.0016004554749437182,0.001052031437126122
2025-03-24,0.0146023792964467,0.014633448209457,0.011966519813729537,0.014614806861650821,0.01461791375295185
2025-03-25,0.00016274155499540477,-0.0029297680106582513,-0.0019487998227047942,-0.0010742622712660577,-0.0013835132278314233
2025-03-26,-0.012276499659108375,-0.0034000891897389973,-0.0021208095147891015,-0.008725935471360625,-0.007838294424423686
2025-03-27,-0.006685559933957141,-0.0033009773587048263,-0.0021494152091243723,-0.005331726903856216,-0.004993268646330984
2025-03-28,-0.016702124878156588,-0.020349195139812704,-0.015431564290489641,-0.018160952982819036,-0.018525660008984646
2025-03-31,0.00532533994007256,0.007551334957321965,0.009538838655960058,0.0062157379469723216,0.006438337448697262
2025-04-01,0.006512490905772994,0.003004642660234813,-0.0008306751037985283,0.005109351607557722,0.004758566783003904
2025-04-02,0.0032957479136923595,0.004229815980117735,0.003535443192672627,0.00366937514026251,0.003762781946905047
2025-04-03,-0.04494574795460238,-0.04860045721341322,-0.04196506474013284,-0.04640763165812671,-0.0467731025840078
2025-04-04,-0.05092496441195071,-0.05243673595549081,-0.05511759996445431,-0.05152967302936675,-0.05168085018372076
2025-04-07,0.006112818865126712,-0.010562099053058271,-0.007377178149107655,-0.000557148302147282,-0.0022246400939657796
2025-04-08,-0.010790762392332343,-0.018277728573212526,-0.013080274490603783,-0.013785548864684416,-0.014534245482772434
2025-04-09,0.08875843259240446,0.08761862601109827,0.08095500128383537,0.08830250995988198,0.08818852930175136
2025-04-10,-0.024658475975560368,-0.027083731185152837,-0.02830366642411075,-0.025628578059397354,-0.025871103580356603
2025-04-11,0.01968197463776833,0.018219705103699635,0.016218092564984854,0.019097066824140852,0.018950839870733982
2025-04-14,0.0034018180946171483,0.007642203540563219,0.008628315692280841,0.005097972272995577,0.005522010817590184
2025-04-15,-0.0012915969070518285,-0.001978109267572137,-0.004108808537505726,-0.001566201851259952,-0.0016348530873119826
2025-04-16,-0.027874957262540523,-0.023941348958698705,-0.019024441739499465,-0.026301513941003794,-0.025908153110619614
2025-04-17,-0.000934334304176776,0.003670283280855724,0.0017851756336957347,0.0009075127298362241,0.001367974488339474
2025-04-21,-0.020964771069788113,-0.021059334360795212,-0.02141027568183962,-0.021002596386190953,-0.021012052715291663
2025-04-22,0.027840004600709678,0.02930044811562027,0.025437296256001884,0.028424182006673914,0.028570226358164974
2025-04-23,0.014562746407180915,0.017852994588223314,0.009785353728503976,0.015878845679597874,0.016207870497702115
2025-04-24,0.021132022301981523,0.01872290670061383,0.011935850570817141,0.020168376061434446,0.019927464501297676
2025-04-25,0.005389424482348026,0.0027584921521304206,0.001429990059975239,0.004337051550260984,0.0040739583172392235
2025-04-28,-0.0025459216106010762,-0.0009836760150845336,0.002776065682001505,-0.0019210233723944592,-0.001764798812842805
2025-04-29,0.004442845766120307,0.004487766948304772,0.00812386388434927,0.004460814238994093,0.0044653063572125395
2025-04-30,0.003130402243902708,-0.0001138336705105436,0.0028668626504926298,0.0018327078781374072,0.0015082842866960822
2025-05-01,0.012071071506019937,0.011834927602267342,8.165658777525842e-05,0.0119766139445189,0.01195299955414364
2025-05-02,0.011954351307695177,0.016343860737100924,0.013660473550670682,0.013710155079457477,0.01414910602239805
2025-05-05,-0.005050868980462586,-0.005684133242200851,-0.0036968918967437148,-0.005304174685157892,-0.005367501111331718
2025-05-06,-0.005743832289006878,-0.0055019979374415495,-0.007864454250809061,-0.005647098548380747,-0.005622915113224214
2025-05-07,0.0054505844663812475,0.013033924224720606,0.010191779087800334,0.00848392036971699,0.009242254345550927
2025-05-08,0.005101440046135108,0.012053947687489242,0.00445505623816822,0.007882443102676762,0.008577693866812175
2025-05-09,-0.0010079282081260077,0.0014026576191852325,-0.0027622079156010004,-4.3693877201511654e-05,0.00019736470552961238
2025-05-12,0.0320743976298532,0.011701979585307942,0.028856508676992965,0.023925430412035098,0.021888188607580572
2025-05-13,0.008425954473964214,-0.0019016441122704508,-0.0046751247478545865,0.004294915039470348,0.003262155180846882
2025-05-14,0.0002705105874911684,-0.0008416599342615516,-0.0032234790853672424,-0.00017435762120991964,-0.0002855746733851916
2025-05-15,0.005239338722418552,0.01914153227032034,0.009264705533918116,0.010800216141579267,0.012190435496369445
2025-05-16,0.0015111908938112428,0.007338436015614569,0.008763686723783692,0.0038420889425325737,0.004424813454712906
2025-05-19,-0.003103697116807136,0.003870908838845777,0.0032029394046682036,-0.0003138547345459706,0.0003836058610193205
2025-05-20,-0.0044352185888809625,-0.0019571513302418797,-0.001800136752731274,-0.0034439916854253293,-0.003196184959561421
2025-05-21,-0.014126994270027504,-0.011968381880355206,-0.01767611893043064,-0.013263549314158586,-0.013047688075191355
2025-05-22,0.0010370128990790928,-0.0023147028732755093,0.00020449785585507918,-0.0003036734098627481,-0.0006388449870982083
2025-05-23,-0.004449174299516967,-0.0003029307802604464,-0.005504915122682474,-0.0027906768918143587,-0.0023760525398887067
2025-05-27,0.01618222013708559,0.01458800581950026,0.01655901222542422,0.015544534410051459,0.015385112978292925
2025-05-28,-0.006189585729099223,-0.006347248853044385,-0.006222972328071119,-0.006252650978677287,-0.006268417291071804
2025-05-29,0.0010023622886083938,0.006648923910257398,0.003842587353147575,0.0032609869372679954,0.003825643099432896
2025-05-30,-0.00026474200028803185,0.0030828876636983527,0.0017621736737614135,0.001074309865306522,0.0014090728317051604
2025-06-02,0.0037164776865941107,0.0012056659959662763,0.0024850855859999132,0.002712153010342977,0.0024610718412801935
2025-06-03,0.004504734666863852,0.004100760067051734,0.004891296981841986,0.004343144826939005,0.004302747366957793
2025-06-04,-0.0022912482384664923,-0.0005308456094836878,-0.002094946318070612,-0.0015870871868733703,-0.00141104692397509
2025-06-05,-0.000770940181007651,-0.003445763914136868,-0.0036478172845151313,-0.0018408696742593378,-0.0021083520475722595
2025-06-06,0.012465249250863453,0.011548584524270877,0.01076624960376038,0.012098583360226421,0.012006916887567165
2025-06-09,0.0015772260948918593,0.0015896822766112706,0.00016238080538810706,0.0015822085675796238,0.001583454185751565
2025-06-10,0.005229812938734257,0.0012401756788846807,0.004748873035044454,0.0036339580347944265,0.003234994308809469
2025-06-11,-8.770559689863511e-05,-0.003325689356427519,-0.002515832897408532,-0.0013828991007101888,-0.0017066974766630771
2025-06-12,0.000537793896300931,0.0018845577473847186,0.0014880605046756479,0.001076499436734446,0.0012111758218428248
2025-06-13,-0.007400836472259753,-0.016276249052296743,-0.015402201805974514,-0.01095100150427455,-0.011838542762278248
2025-06-16,0.01001497904107751,0.006908062122439551,0.007100004382552871,0.008772212273622326,0.00846152058175853
2025-06-17,-0.0019346381391216472,-0.009163068734052482,-0.008706370027870225,-0.004826010377093981,-0.0055488534365870645
2025-06-18,0.002750441728736508,0.0028848331864614885,-0.0012313683562098499,0.0028041983118265003,0.002817637457598998
2025-06-20,0.002656478586856581,0.001267620980637485,0.0010758907152303987,0.0021009355443689427,0.001962049783747033
2025-06-23,0.0048952450323245245,0.01221263019815999,0.008964080605227798,0.007822199098658712,0.008553937615242257
2025-06-24,0.004811484197557503,0.008039070664034753,0.00964170079897353,0.006102518784148404,0.006425277430796128
2025-06-25,0.00010462933216248693,-0.006329753926583748,-0.003219961108948066,-0.002469123971336007,-0.0031125622972106304
2025-06-26,0.01060448485785992,0.00652365727713744,0.007732415049843455,0.008972153825570928,0.00856407106749868
2025-06-27,0.0031108977705098795,0.006793809380321036,0.013789891629762518,0.004584062414434343,0.004952353575415458
2025-06-30,0.007825058690905218,0.007002913261472843,0.00491677548368985,0.007496200519132268,0.00741398597618903
2025-07-01,0.005256123509594923,0.01111353889137634,0.010271162758015873,0.00759908966230749,0.008184831200485632
2025-07-02,0.005090928086047386,-0.0023646163078472338,0.0006064826891194475,0.002108710328489538,0.0013631558891000761
2025-07-03,0.008126914687199838,0.0063956918952430275,0.006812114331353758,0.007434425570417114,0.007261303291221433
2025-07-07,-0.006449657237473483,-0.009192765094058197,-0.007527297428172597,-0.007546900380107368,-0.00782121116576584
2025-07-08,-0.00410603314682112,-0.00321871446267874,-0.0030280902222717954,-0.003751105673164168,-0.00366237380474993
2025-07-09,0.0015338568824023735,0.004764312890702893,0.004213096742350375,0.0028260392857225813,0.0031490848865526333
2025-07-10,0.004061371983001827,0.0023522928434700496,0.003313464301243352,0.003377740327189116,0.0032068324132359383
2025-07-11,-0.0021942176701734706,-0.005269408897662808,-0.006486220036571955,-0.003424294161169206,-0.0037318132839181395
2025-07-14,0.00039823988905518526,0.00378685028332848,0.0007194107626604662,0.0017536840467645032,0.0020925450861918327
2025-07-15,0.002979916475138733,-0.008573312406667033,-0.008411763404771455,-0.0016413750775835737,-0.00279669796576415
2025-07-16,0.0005386008229151251,0.004563223004570238,0.005160280406279361,0.0021484496955771703,0.0025509119137426817
2025-07-17,0.009223189580526814,0.00742548022745404,0.005763406584727404,0.008504105839297706,0.008324334903990427
2025-07-18,-0.0029336042100719384,-0.0036411321074392156,-0.004064528759388564,-0.0032166153690188493,-0.003287368158755577
2025-07-21,0.0011477625967157845,-0.001083276759816898,0.001634610318654861,0.00025534685410271145,3.224291844944327e-05
2025-07-22,-0.002062712175721737,0.00583794211633859,0.005138538820168126,0.0010975495411023942,0.0018876149703084266
2025-07-23,0.005621134492175717,0.007428478177320397,0.009957896574558367,0.0063440719662335885,0.006524806334748057
2025-07-24,0.0014659733613151538,-0.006572152270052811,-0.006442628081340995,-0.0017492768912320323,-0.0025530894543688287
2025-07-25,0.0054028049238308284,0.003036689700854689,0.003499392228583087,0.004456358834640373,0.004219747312342759
2025-07-28,-8.809307921320286e-05,-0.0003307808833931114,-0.0008352455702148598,-0.0001851682008851663,-0.00020943698130315713
2025-07-29,0.0020140260548986433,-0.007415721623264315,-0.004579087891554368,-0.0017578730163665406,-0.002700847784182836
2025-07-30,0.0021525803915205532,-0.009074407248826577,-0.005367994506164986,-0.0023382146646182987,-0.003460913428653012
2025-07-31,-0.007587729983482117,-0.015829453450247333,-0.00934406122487852,-0.010884419370188202,-0.011708591716864725
2025-08-01,-0.009065469261489989,-0.0046782457313279124,-0.010327680425140429,-0.007310579849425158,-0.006871857496408951
2025-08-04,0.015330264911540992,0.01094733957546068,0.01171299135196624,0.013577094777108865,0.013138802243500836
2025-08-05,-0.008613934998480621,0.003617021474358273,-0.0004865322910252434,-0.003721552409345063,-0.002498456762061174
2025-08-06,0.02454283241734223,0.004425278179510883,0.003734237818773911,0.01649581072220969,0.014484055298426557
2025-08-07,0.007098999121028848,-0.005121579153226974,-0.0022049302170302765,0.002210767811326519,0.0009887099839009372
2025-08-08,0.01274276681187625,0.004930293685772247,0.005654909208395731,0.009617777561434648,0.008836530248824248
2025-08-11,-0.003175654535286565,-0.0020121486612507677,-0.004023805044677697,-0.002710252185672246,-0.0025939015982686664
2025-08-12,0.00394642345341345,0.008668389405223076,0.008168899566234566,0.0058352098341373,0.006307406429318263
2025-08-13,-0.00505070990367551,0.01019192853953732,0.010888379818684735,0.0010463454736096226,0.0025706093179309053
2025-08-14,-0.0005683378701880626,0.0022322843243953727,-0.0021172396361511803,0.0005519110076453117,0.0008319732271036551
2025-08-15,-0.010967624540803578,0.006342100818657048,0.002775432276810541,-0.004043734397019327,-0.0023127618610732648
2025-08-18,0.0025983255433335017,0.0022926862376821955,0.0002986850826365295,0.002476069821072979,0.0024455058905078486
2025-08-19,-0.0031008272766199774,0.002764601107451803,0.0012565302838243309,-0.0007546559229912651,-0.00016811308458408725
2025-08-20,0.002614345605299162,0.0034193458230729057,0.001291313923102999,0.00293634569240866,0.003016845714186034
2025-08-21,-0.008821365624190447,-0.0009965620105912842,-0.00301116681614233,-0.005691444178750782,-0.004908963817390866
2025-08-22,0.005551196421040849,0.015337924416658932,0.015277312377225405,0.009465887619288082,0.01044456041884989
2025-08-25,-0.0037240857037559305,-0.009005738758633086,-0.007566130131602455,-0.005836746925706793,-0.006364912231194508
2025-08-26,0.007254400401413674,0.0009890028616430513,0.0025519234738669017,0.004748241385505426,0.004121701631528363
2025-08-27,0.0005880143225569512,0.0018981872987249293,0.002776495099580112,0.0011120835130241425,0.0012431008106409402
2025-08-28,0.002424900060078672,3.5497171979370634e-05,0.0006577051237810494,0.0014691389048389512,0.0012301986160290213
2025-08-29,-0.0032801331927817534,0.0033147512912439225,-0.00018576367439693264,-0.0006421793991714829,1.730904923108456e-05
2025-09-02,-0.005107625663911541,-0.0031812752361375374,-0.004447986794316017,-0.00433708549280194,-0.004144450450024539
2025-09-03,0.00791818080341411,-0.0014874674311731173,-0.0009436313771228333,0.004155921509579219,0.0032153566861204963
2025-09-04,0.005795960069686634,0.0054840826703952406,0.00651312570022089,0.005671209109970076,0.005640021370040937
2025-09-05,-0.015155624886047936,-0.0022130889562811396,-0.004610978177922553,-0.009978610514141218,-0.008684356921164538
2025-09-08,-0.0014918196033000264,-0.0003803969879597746,0.0013708122450788451,-0.0010472505571639257,-0.0009361082956299005
2025-09-09,0.0014863354073462176,0.008014653543718442,0.0028163077437941553,0.0040976626618951075,0.00475049447553233
2025-09-10,0.0035800871671876067,-0.006076039765541719,-0.004866651443418801,-0.00028236360590412363,-0.001247976299177056
2025-09-11,0.009647530652265868,0.009680429445925398,0.011566744679014196,0.00966069016972968,0.009663980049095633
2025-09-12,-0.0068441240319617735,-0.008073610171713153,-0.007391535930066917,-0.0073359184878623255,-0.007458867101837463
2025-09-15,0.004275031816054042,-0.0016492148347367896,0.00017281390837098343,0.0019053331557377091,0.0013129084906586264
2025-09-16,-0.0013891822268788934,-0.00535930383380645,-0.002157094128505843,-0.0029772308696499163,-0.003374243030342672
2025-09-17,0.009418990244114411,0.0076069925801685034,0.004854210708721496,0.008694191178536047,0.008512991412141457
2025-09-18,0.004278707333316589,-0.0022113429428847198,0.0006451784909651259,0.0016826872228360656,0.0010336821952159347
2025-09-19,0.006650557568457227,0.0020114146775229713,0.0017872516913757241,0.004794900412083525,0.004330986122990099
2025-09-22,0.0009241658607102021,0.0007151726628431554,0.0002408959117228271,0.0008405685815633835,0.0008196692617766788
2025-09-23,-0.005203506863874274,0.00015186416103563083,-0.001472905555976789,-0.0030613584539103122,-0.0025258213514193217
2025-09-24,-0.0035187560721122724,-0.002934053829754757,-0.0024394696073155586,-0.0032848751751692663,-0.0032264049509335146
2025-09-25,-0.012205673108109938,-0.006123666037448738,-0.0039034774423644114,-0.009772870279845459,-0.009164669572779338
2025-09-26,0.004283844658192315,0.005497691477617472,0.0054259263114211365,0.004769383385962378,0.004890768067904894
2025-09-29,0.006200886225902202,0.0031895974489648538,0.0014622507093902115,0.004996370715127263,0.004695241837433528
2025-09-30,0.009624059588710931,0.008539329098891546,0.004789620909882997,0.009190167392783177,0.009081694343801239
2025-10-01,0.02191573874581665,0.010466455188919754,0.004830929365452263,0.01733602532305789,0.0161910969673682
2025-10-02,-0.0013499901840159367,0.0012647644641852196,0.0011402575732535336,-0.0003040883247354742,-4.261285991535857e-05
2025-10-03,0.00022720654965513454,0.0004941688268766953,0.0025847264071086062,0.0003339914605437588,0.0003606876882659149
2025-10-06,0.0016008147897716984,-0.0001474022336572789,-0.003293819694105249,0.0009015279804001075,0.0007267062780572098
2025-10-07,-0.007730009904940549,-0.0024407537602992857,-0.0010835406704932105,-0.005614307447084044,-0.005085381832619917
2025-10-08,0.005565711351747105,0.0012700470611526349,0.0003500823041540091,0.0038474456355093167,0.0034178792064498698
2025-10-09,-0.005250221979891001,-0.005442611099058969,-0.005749294401669047,-0.005327177627558188,-0.005346416539474985
2025-10-10,-0.023967199368783,-0.019711144614403264,-0.0183661759832503,-0.022264777467031104,-0.02183917199159313
2025-10-13,0.01406587037067597,0.009904975310752295,0.01040993079083985,0.0124015123467065,0.011985422840714133
2025-10-14,0.009873404751924664,0.006140837003766553,0.005594934269875784,0.00838037765266142,0.008007120877845608
2025-10-15,0.008041429299250336,0.0010846943032940537,-0.00025006103549995995,0.0052587353008678225,0.004563061801272195
2025-10-16,-0.012382203107047851,-0.0029297338222937785,-0.005953143456167265,-0.008601215393146223,-0.007655968464670815
2025-10-17,0.004314707777493876,0.008061493050872004,0.007465938448758536,0.005813421886845128,0.00618810041418294
2025-10-20,0.010190528257653542,0.014327832719873257,0.010605886060999659,0.01184545004254143,0.0122591804887634
2025-10-21,-0.0021140720472613284,0.009680365548248693,0.007433812742999146,0.0026037029909426806,0.003783146750493682
2025-10-22,-0.005394162970801308,-0.007785415949712937,-0.004876922374064452,-0.00635066416236596,-0.006589789460257123
2025-10-23,0.0014766981505474064,0.004829596450121043,0.0020286692611362067,0.002817857470376861,0.0031531473003342247
2025-10-24,0.004220012179895205,0.008399114125579032,0.006136882373000141,0.005891652958168736,0.006309563152737119
2025-10-27,0.005965404302312294,0.005706492153661813,0.0058362753342902085,0.005861839442852101,0.005835948227987053
2025-10-28,0.003100607093756924,-0.0027045981021885934,0.0017223845424381157,0.0007785250153787169,0.00019800449578416535
2025-10-29,0.006918509684619822,-0.009111160465804735,-0.005144944343629998,0.0005066416244499995,-0.0010963253905924564
2025-10-30,0.0004650650857334071,0.005186035297976455,-0.0022915457210727075,0.002353453170630626,0.002825550191854931
2025-10-31,-0.00048002496674925954,-0.0023945438501634664,0.00344223616249284,-0.0012458325201149423,-0.001437284408456363
2025-11-03,-0.013675531202987035,-0.009880220578979526,-0.005803253519256368,-0.01215740695338403,-0.01177787589098328
2025-11-04,0.004143146518334362,-0.0011111700091499532,-0.005507633840507231,0.002041419907340636,0.0015159882545922043
2025-11-05,0.007230102166494223,0.0058861395753957435,0.0037853177020001905,0.006692517130054832,0.006558120870944983
2025-11-06,0.00017632184694416075,-0.00048822540916193535,-0.006935403745412905,-8.94970554982777e-05,-0.0001559517811088873
2025-11-07,0.008419160444833595,0.0008507222375080392,0.002618365243911569,0.005391785161903373,0.004634941341170817
2025-11-10,0.004854205229406716,0.006906401075938318,0.007329924149574785,0.005675083568019356,0.005880303152672517
2025-11-11,0.02704095765759651,0.013828888208699652,0.013596928429205901,0.021756129878037767,0.02043492293314808
2025-11-12,0.00023015398608361437,0.008044405529854304,0.005120935722082498,0.0033558546035918906,0.004137279757968959
2025-11-13,-0.0016494299880674967,-0.01724817818698643,-0.010086584058825343,-0.00788892926763507,-0.009448804087526963
2025-11-14,0.0027140767775208907,-0.004794452915215075,-0.004719289269778604,-0.00028933509957349566,-0.0010401880688470921
2025-11-17,0.0018333097564735557,-0.01330454702383388,-0.01038621032408571,-0.004221832955649419,-0.005735618633680162
2025-11-18,0.003317061050195802,-0.0077600239674585625,-0.007533934859022318,-0.001113772956865944,-0.0022214814586313802
2025-11-19,-0.004546189168737391,-0.0015599019766125988,-0.0006515786284804204,-0.0033516742918874745,-0.003053045572674995
2025-11-20,0.006596830120713326,-0.008739268921314158,-0.007353402852984359,0.0004623905039023318,-0.001071219400300416
2025-11-21,0.009085664208912103,0.012851108398543643,0.012125751030336973,0.01059184188476472,0.010968386303727873
2025-11-24,-0.001980868073738762,-0.0029671948480521904,0.0009746481368080318,-0.0023753987834641333,-0.002474031460895476
2025-11-25,0.019768306362240917,0.010803671725844621,0.014216393718068598,0.0161824525076824,0.01528598904404277
2025-11-26,0.006794526542797996,0.0034239876173416395,0.004851925280877856,0.005446310972615453,0.005109257080069818
2025-11-28,0.0046973610021154855,0.005074868060896076,0.005741613825561265,0.004848363825627722,0.004886114531505781
2025-12-01,-0.011538519971677319,-0.00322223663065746,-0.005605930733433628,-0.008212006635269376,-0.00738037830116739
2025-12-02,-0.00297774256514427,0.007381259490932823,0.002903437294836886,0.0011658582572865674,0.0022017584628942766
2025-12-03,0.005299124525690813,0.009237157379949013,0.007093833296970775,0.006874337667394093,0.007268140952819913
2025-12-04,-0.007236507421799154,-0.004576891556560048,-0.0009575635091189083,-0.0061726610757035115,-0.005906699489179601
2025-12-05,-0.008910514258656743,-0.0009814649804322784,2.321711306740859e-05,-0.005738894547366957,-0.004945989619544511
2025-12-08,-0.010398686368390142,-0.006976725805070139,-0.0054743548951414756,-0.009029902143062141,-0.00868770608673014
2025-12-09,-0.004468158039759307,-0.004540748274643458,-0.004950438612186914,-0.004497194133712967,-0.004504453157201382
2025-12-10,0.0006334871379811702,0.010417542475854802,0.009462897213858845,0.004547109273130624,0.005525514806917986
2025-12-11,0.009182976773626894,0.013582663191344713,0.010669931982557168,0.010942851340714023,0.011382819982485803
2025-12-12,0.009206008850660252,0.002282062973586463,-4.55254889907275e-05,0.006436430499830737,0.0057440359121233575
2025-12-15,0.009323494636972018,-0.000971041179702925,0.0006442638101311626,0.005205680310302041,0.004176226728634547
2025-12-16,-0.008336341196277464,-0.00937088465430902,-0.006126699923490575,-0.008750158579490085,-0.008853612925293242
2025-12-17,0.005622893644523508,-0.0018911228525866353,-0.0027050878758634322,0.0026172870456794505,0.0018658853959684363
2025-12-18,-0.0016350397326804211,-0.0014122995612987355,0.0006810575940603414,-0.0015459436641277469,-0.0015236696469895783
2025-12-19,-0.001226981880203426,0.0019114293749940003,-0.0005900919213897016,2.838262187554463e-05,0.00034222374739528716
2025-12-22,0.0037861952995097425,0.005385330405815569,0.0033773090037252373,0.004425849342032074,0.004585762852662656
2025-12-23,-0.0025292770155540545,0.0004929804349478317,0.001469955892760888,-0.0013203740353533,-0.0010181482903031114
2025-12-24,0.008071448739522369,0.005643054393669189,0.006951904213203797,0.007100091001181097,0.006857251566595779
2025-12-26,-0.0002667386570788244,0.0016826469183444104,0.000614752661541873,0.0005130155730904696,0.000707954130632793
2025-12-29,-0.000464666456664542,-0.0024180913328589737,-0.002578154597225546,-0.0012460364071423147,-0.0014413788947617578
2025-12-30,0.00037730528703816546,-0.002699135725588775,-0.0011863814855922472,-0.0008532711180126108,-0.0011609152192753047
2025-12-31,-0.004739903251274935,-0.0036837949612212872,-0.004420586962321726,-0.004317459935253476,-0.004211849106248111
2026-01-02,0.02126488131112958,-0.0008911976938770216,0.0022955760641694134,0.012402449709126939,0.010186841808626279
2026-01-05,0.010552305986164523,0.014700862865170583,0.008389437554511714,0.012211728737766946,0.012626584425667553
2026-01-06,-0.000909182682003018,0.00935811995876712,0.008228613344427371,0.003197738374305037,0.004224468638382051
2026-01-07,-0.010506187244681997,-0.008921449133248882,-0.008235992869459863,-0.009872292000108751,-0.00971381818896544
2026-01-08,0.004397408135393022,0.008804628131170222,0.008120647820609284,0.006160296133703902,0.006601018133281622
2026-01-09,0.01387225028940997,0.005714480460794924,0.004952030998854884,0.010609142357963952,0.009793365375102447
2026-01-12,0.013351049514468416,0.0016601436177481332,0.001446246833598508,0.008674687155780302,0.007505596566108275
2026-01-13,0.012236631544999543,-0.012527457595378766,-0.004993468593835204,0.0023309958888482196,-0.0001454130251896113
2026-01-14,0.0009827600665333058,-0.0032395936085575228,0.0012031775878902362,-0.0007061814035030258,-0.0011284167710121085
2026-01-15,0.011166711647499605,0.0035365459116623033,0.0007538908642776843,0.008114645353164685,0.007351628779580954
2026-01-16,-0.0008351226366508646,-0.001383054855478405,-0.002235122347714169,-0.0010542955241818809,-0.0011090887460646348
2026-01-20,-0.019800143161883055,-0.014097268925242434,-0.015056071034715068,-0.017518993467226806,-0.016948706043562745
2026-01-21,0.015557694700652824,0.01085164565988328,0.011394908569809958,0.013675275084345007,0.013204670180268052
2026-01-22,0.0022028502873581157,0.004953091428067102,0.006261768335999118,0.00330294674364171,0.003577970857712609
2026-01-23,-0.0017981808354669004,4.0074328582218044e-05,-0.0010486458992066128,-0.001062878769847253,-0.0008790532534423412
2026-01-26,0.005564043356714343,0.005631189021628735,0.004342959541605351,0.0055909016226801,0.005597616189171539
2026-01-27,0.0059407417342636215,0.0010880178298295906,-0.0064538574853740815,0.003999652172490009,0.003514379782046606
2026-01-28,0.007028080769925227,-0.0022343539280464952,-0.001382427239561057,0.003323106890736538,0.0023968634209393658
2026-01-29,0.0036593783408895852,0.011807660633294637,0.0029185430829004044,0.006918691257851606,0.007733519487092111
2026-01-30,0.0011929164702111361,-0.002038853052608758,0.002467455499573612,-9.979133891682159e-05,-0.00042296829119881085
2026-02-02,0.00869484948154109,0.007605950868417866,0.007325358788025094,0.008259290036291798,0.008150400174979477
2026-02-03,0.009197162707662132,0.0017687239063635118,-6.819619549314204e-05,0.006225787187142684,0.005482943307012822
2026-02-04,-0.00251807708286389,0.01380682280479717,0.010172356741914967,0.004011882872200534,0.00564437286096664
2026-02-05,-0.005014615380812382,-0.0073063566198399155,-0.008258968936824873,-0.0059313118764233955,-0.006160486000326149
2026-02-06,0.03621482762187056,0.022727932797644623,0.020042813795946746,0.030820069692180187,0.02947138020975759
2026-02-09,0.012112779357161374,-0.009066990704325484,-0.002803053914526177,0.00364087133256663,0.001522894326417945
2026-02-10,-0.002204596342795795,-4.611825255018687e-06,0.0010323886823435657,-0.0013246025357794844,-0.0011046040840254068
2026-02-11,0.008880895839487035,0.001178546542870862,-0.001625729258413755,0.005799956120840566,0.0050297211911789486
2026-02-12,-0.02030185825074582,-0.019138400434351333,-0.011711273536402778,-0.019836475124188024,-0.019720129342548576
2026-02-13,0.00473169649381755,-0.0004279557217340413,0.002432810870820923,0.0026678356075969132,0.0021518703860417543
2026-02-17,-0.0010164161049593945,0.006410557774974901,0.0006097888590661515,0.001954373447014324,0.0026970708350077532
2026-02-18,0.0020523996554162593,0.0046965911839247365,0.0021374029981009457,0.0031100762668196504,0.003374495419670498
2026-02-19,-0.002054845807407779,-0.0031766152340165776,-0.003779603453850422,-0.0025035535780512986,-0.0026157305207121784
2026-02-20,-0.0007585176663169602,0.006288116626688156,0.004812833003733141,0.0020601360508850862,0.002764799480185598
2026-02-23,0.001495357220927973,-0.018386415504879294,-0.012833970762494484,-0.006457351869394935,-0.00844552914197566
2026-02-24,0.008117719359333142,0.006868057760451629,0.007417997016196276,0.007617854719780537,0.0074928885598923856
2026-02-25,-0.0028133173746260898,0.009008111889892145,0.00386604304966931,0.0019152543311812043,0.0030973972576330278
2026-02-26,-0.014260088467459187,-0.0021403995318631797,-0.00046022671530909776,-0.009412212893220783,-0.008200243999661183
2026-02-27,0.0073960883614427875,0.00023298640965818684,-0.0013252245001198482,0.004530847580728948,0.003814537385550487
2026-03-02,-0.0008187127014699369,-0.005987301949511026,-0.0032211748306881782,-0.0028861484006863724,-0.0034030073254904813
2026-03-03,-0.004540915116625355,-0.005671729650298607,-0.006657674504237487,-0.004993240930094655,-0.005106322383461981
2026-03-04,0.009098735302596861,0.002599118474662321,0.003872101010530704,0.006498888571423046,0.005848926888629591
2026-03-05,-0.015863162571902123,-0.00980223489290033,-0.01241397111027176,-0.013438791500301406,-0.012832698732401226
2026-03-06,-0.009857156142389245,-0.004050464385223718,-0.00711408376811673,-0.0075344794395230345,-0.006953810263806481
2026-03-09,-0.0034110459953813344,-0.004202913982285783,0.0014620357153176666,-0.0037277931901431136,-0.0038069799888335587
2026-03-10,0.0026445358779516592,-0.0024213011023747066,-0.0007147050147426892,0.0006182010858211128,0.0001116173877884763
2026-03-11,-0.011443730637926919,-0.00488582158076134,-0.004512858839050726,-0.008820567015060687,-0.00816477610934413
2026-03-12,-0.003051618146742152,-0.014772490013584938,-0.01197202989306656,-0.007739966893479267,-0.008912054080163545
2026-03-13,0.0017259932272828404,0.0022362577317298626,-0.0006688183888428068,0.0019300990290616494,0.0019811254795063515
2026-03-16,0.007812124475943483,0.006636956364440394,0.0072969440762440385,0.0073420572313422465,0.007224540420191938
2026-03-17,0.0040172175987931436,-0.00011253102785180324,-7.058387875025218e-05,0.0023653181481351647,0.0019523432854706702
2026-03-18,-0.02401400983287294,-0.016769845157145524,-0.01757268801015388,-0.021116343962581975,-0.020391927495009232
2026-03-19,-0.002744470052762793,-0.0045704621339099916,-0.004470636553762675,-0.0034748668852216725,-0.0036574660933363923
2026-03-20,-0.013926206285222231,-0.0135556345185327,-0.010229222350419342,-0.01377797757854642,-0.013740920401877466
2026-03-23,0.019790043566007443,0.011825943849105958,0.011701125941498303,0.01660440367924685,0.0158079937075567
2026-03-24,0.0019231553683489722,0.0005082377067351374,-0.0026705677385188142,0.0013571883037034383,0.0012156965375420548
2026-03-25,0.0074027219680921075,0.009497010076471524,0.006436997362532004,0.008240437211443874,0.008449866022281816
2026-03-26,-0.004017817878861574,-0.00908381287411919,-0.008085838322968386,-0.006044215876964621,-0.006550815376490382
2026-03-27,-0.01908563572651889,-0.018238090693656006,-0.01503215964586635,-0.018746617713373735,-0.018661863210087448
2026-03-30,-0.004792315072160158,-0.0012380093193428143,0.0023635644548589685,-0.0033705927710332207,-0.0030151621957514863
2026-03-31,0.018584840980933937,0.02488379480854719,0.01948898110040309,0.021104422511979238,0.021734317894740562
2026-04-01,0.0062994299249052865,-0.005359684442557744,-0.0024753796348988555,0.0016357841779200744,0.0004698727411737713
2026-04-02,0.004786829674093829,0.0007595555498773887,0.0007313627347107499,0.0031759200244072527,0.0027731926119856087
2026-04-06,0.005345254915688269,0.005717619032557408,0.0033111830574479306,0.005494200562435925,0.005531436974122839
2026-04-07,-0.006717289630820855,-0.007057342405518696,-0.004380397042972328,-0.006853310740699991,-0.006887316018169776
2026-04-08,0.03605020781597701,0.024893398355746,0.02252623628114292,0.031587484031884605,0.030471803085861504
2026-04-09,0.0014465183013097072,0.009312171050791074,0.005439057376881884,0.004592779401102254,0.0053793446760503905
2026-04-10,-0.013269475512878048,-0.006496181200099871,-0.008525292500421333,-0.010560157787766776,-0.00988282835648896
2026-04-13,0.007035794918336391,0.006858132413383844,0.007136915699755386,0.006964729916355373,0.0069469636658601175
2026-04-14,0.0031077975248430256,0.002800140120616801,0.005613575102942248,0.0029847345631525356,0.0029539688227299132
2026-04-15,-0.0021637166613865944,0.005535036620846201,0.001169117485018134,0.0009157846515065239,0.0016856599797298033
2026-04-16,0.01049040323509165,0.004355873392102083,0.0032985907408769055,0.008036591297895824,0.0074231383135968665
2026-04-17,0.01979156113080971,0.016972747311540193,0.015372079066237054,0.018664035603101904,0.01838215422117495
